kind,group,method,coverage,conditional,common_reliability,solved,common_request_ids
boundary,QA distributions,boundary_loglinear,"{""numerator"": 54, ""denominator"": 72, ""fraction"": 0.75}","{""numerator"": 30, ""denominator"": 54, ""fraction"": 0.5555555555555556}","{""numerator"": 30, ""denominator"": 42, ""fraction"": 0.7142857142857143}","{""numerator"": 30, ""denominator"": 72, ""fraction"": 0.4166666666666667}","[""gemma3-1b|100000|qa:2Wiki-fresh|0.0"", ""gemma3-1b|100000|qa:2Wiki-fresh|0.1"", ""gemma3-1b|100000|qa:2Wiki-fresh|0.25"", ""gemma3-1b|100000|qa:2Wiki-fresh|0.5"", ""gemma3-1b|100000|qa:MuSiQue|0.5"", ""gemma3-1b|100000|qa:TriviaQA|0.5"", ""gemma3-1b|200000|qa:2Wiki-fresh|0.0"", ""gemma3-1b|200000|qa:2Wiki-fresh|0.1"", ""gemma3-1b|200000|qa:2Wiki-fresh|0.25"", ""gemma3-1b|200000|qa:2Wiki-fresh|0.5"", ""gemma3-1b|200000|qa:MuSiQue|0.5"", ""gemma3-1b|200000|qa:TriviaQA|0.5"", ""gemma3-1b|50000|qa:2Wiki-fresh|0.0"", ""gemma3-1b|50000|qa:2Wiki-fresh|0.1"", ""gemma3-1b|50000|qa:2Wiki-fresh|0.25"", ""gemma3-1b|50000|qa:2Wiki-fresh|0.5"", ""gemma3-1b|50000|qa:MuSiQue|0.0"", ""gemma3-1b|50000|qa:MuSiQue|0.1"", ""gemma3-1b|50000|qa:MuSiQue|0.25"", ""gemma3-1b|50000|qa:MuSiQue|0.5"", ""gemma3-1b|50000|qa:TriviaQA|0.25"", ""gemma3-1b|50000|qa:TriviaQA|0.5"", ""gemma3-4b|100000|qa:2Wiki-fresh|0.0"", ""gemma3-4b|100000|qa:2Wiki-fresh|0.1"", ""gemma3-4b|100000|qa:2Wiki-fresh|0.25"", ""gemma3-4b|100000|qa:2Wiki-fresh|0.5"", ""gemma3-4b|100000|qa:MuSiQue|0.25"", ""gemma3-4b|100000|qa:MuSiQue|0.5"", ""gemma3-4b|200000|qa:2Wiki-fresh|0.0"", ""gemma3-4b|200000|qa:2Wiki-fresh|0.1"", ""gemma3-4b|200000|qa:2Wiki-fresh|0.25"", ""gemma3-4b|200000|qa:2Wiki-fresh|0.5"", ""gemma3-4b|200000|qa:MuSiQue|0.5"", ""gemma3-4b|200000|qa:TriviaQA|0.5"", ""gemma3-4b|50000|qa:2Wiki-fresh|0.0"", ""gemma3-4b|50000|qa:2Wiki-fresh|0.1"", ""gemma3-4b|50000|qa:2Wiki-fresh|0.25"", ""gemma3-4b|50000|qa:2Wiki-fresh|0.5"", ""gemma3-4b|50000|qa:MuSiQue|0.0"", ""gemma3-4b|50000|qa:MuSiQue|0.1"", ""gemma3-4b|50000|qa:MuSiQue|0.25"", ""gemma3-4b|50000|qa:MuSiQue|0.5""]"
boundary,QA distributions,fixed_reuse,"{""numerator"": 57, ""denominator"": 72, ""fraction"": 0.7916666666666666}","{""numerator"": 25, ""denominator"": 57, ""fraction"": 0.43859649122807015}","{""numerator"": 25, ""denominator"": 42, ""fraction"": 0.5952380952380952}","{""numerator"": 25, ""denominator"": 72, ""fraction"": 0.3472222222222222}","[""gemma3-1b|100000|qa:2Wiki-fresh|0.0"", ""gemma3-1b|100000|qa:2Wiki-fresh|0.1"", ""gemma3-1b|100000|qa:2Wiki-fresh|0.25"", ""gemma3-1b|100000|qa:2Wiki-fresh|0.5"", ""gemma3-1b|100000|qa:MuSiQue|0.5"", ""gemma3-1b|100000|qa:TriviaQA|0.5"", ""gemma3-1b|200000|qa:2Wiki-fresh|0.0"", ""gemma3-1b|200000|qa:2Wiki-fresh|0.1"", ""gemma3-1b|200000|qa:2Wiki-fresh|0.25"", ""gemma3-1b|200000|qa:2Wiki-fresh|0.5"", ""gemma3-1b|200000|qa:MuSiQue|0.5"", ""gemma3-1b|200000|qa:TriviaQA|0.5"", ""gemma3-1b|50000|qa:2Wiki-fresh|0.0"", ""gemma3-1b|50000|qa:2Wiki-fresh|0.1"", ""gemma3-1b|50000|qa:2Wiki-fresh|0.25"", ""gemma3-1b|50000|qa:2Wiki-fresh|0.5"", ""gemma3-1b|50000|qa:MuSiQue|0.0"", ""gemma3-1b|50000|qa:MuSiQue|0.1"", ""gemma3-1b|50000|qa:MuSiQue|0.25"", ""gemma3-1b|50000|qa:MuSiQue|0.5"", ""gemma3-1b|50000|qa:TriviaQA|0.25"", ""gemma3-1b|50000|qa:TriviaQA|0.5"", ""gemma3-4b|100000|qa:2Wiki-fresh|0.0"", ""gemma3-4b|100000|qa:2Wiki-fresh|0.1"", ""gemma3-4b|100000|qa:2Wiki-fresh|0.25"", ""gemma3-4b|100000|qa:2Wiki-fresh|0.5"", ""gemma3-4b|100000|qa:MuSiQue|0.25"", ""gemma3-4b|100000|qa:MuSiQue|0.5"", ""gemma3-4b|200000|qa:2Wiki-fresh|0.0"", ""gemma3-4b|200000|qa:2Wiki-fresh|0.1"", ""gemma3-4b|200000|qa:2Wiki-fresh|0.25"", ""gemma3-4b|200000|qa:2Wiki-fresh|0.5"", ""gemma3-4b|200000|qa:MuSiQue|0.5"", ""gemma3-4b|200000|qa:TriviaQA|0.5"", ""gemma3-4b|50000|qa:2Wiki-fresh|0.0"", ""gemma3-4b|50000|qa:2Wiki-fresh|0.1"", ""gemma3-4b|50000|qa:2Wiki-fresh|0.25"", ""gemma3-4b|50000|qa:2Wiki-fresh|0.5"", ""gemma3-4b|50000|qa:MuSiQue|0.0"", ""gemma3-4b|50000|qa:MuSiQue|0.1"", ""gemma3-4b|50000|qa:MuSiQue|0.25"", ""gemma3-4b|50000|qa:MuSiQue|0.5""]"
boundary,QA distributions,student_isotonic,"{""numerator"": 42, ""denominator"": 72, ""fraction"": 0.5833333333333334}","{""numerator"": 33, ""denominator"": 42, ""fraction"": 0.7857142857142857}","{""numerator"": 33, ""denominator"": 42, ""fraction"": 0.7857142857142857}","{""numerator"": 33, ""denominator"": 72, ""fraction"": 0.4583333333333333}","[""gemma3-1b|100000|qa:2Wiki-fresh|0.0"", ""gemma3-1b|100000|qa:2Wiki-fresh|0.1"", ""gemma3-1b|100000|qa:2Wiki-fresh|0.25"", ""gemma3-1b|100000|qa:2Wiki-fresh|0.5"", ""gemma3-1b|100000|qa:MuSiQue|0.5"", ""gemma3-1b|100000|qa:TriviaQA|0.5"", ""gemma3-1b|200000|qa:2Wiki-fresh|0.0"", ""gemma3-1b|200000|qa:2Wiki-fresh|0.1"", ""gemma3-1b|200000|qa:2Wiki-fresh|0.25"", ""gemma3-1b|200000|qa:2Wiki-fresh|0.5"", ""gemma3-1b|200000|qa:MuSiQue|0.5"", ""gemma3-1b|200000|qa:TriviaQA|0.5"", ""gemma3-1b|50000|qa:2Wiki-fresh|0.0"", ""gemma3-1b|50000|qa:2Wiki-fresh|0.1"", ""gemma3-1b|50000|qa:2Wiki-fresh|0.25"", ""gemma3-1b|50000|qa:2Wiki-fresh|0.5"", ""gemma3-1b|50000|qa:MuSiQue|0.0"", ""gemma3-1b|50000|qa:MuSiQue|0.1"", ""gemma3-1b|50000|qa:MuSiQue|0.25"", ""gemma3-1b|50000|qa:MuSiQue|0.5"", ""gemma3-1b|50000|qa:TriviaQA|0.25"", ""gemma3-1b|50000|qa:TriviaQA|0.5"", ""gemma3-4b|100000|qa:2Wiki-fresh|0.0"", ""gemma3-4b|100000|qa:2Wiki-fresh|0.1"", ""gemma3-4b|100000|qa:2Wiki-fresh|0.25"", ""gemma3-4b|100000|qa:2Wiki-fresh|0.5"", ""gemma3-4b|100000|qa:MuSiQue|0.25"", ""gemma3-4b|100000|qa:MuSiQue|0.5"", ""gemma3-4b|200000|qa:2Wiki-fresh|0.0"", ""gemma3-4b|200000|qa:2Wiki-fresh|0.1"", ""gemma3-4b|200000|qa:2Wiki-fresh|0.25"", ""gemma3-4b|200000|qa:2Wiki-fresh|0.5"", ""gemma3-4b|200000|qa:MuSiQue|0.5"", ""gemma3-4b|200000|qa:TriviaQA|0.5"", ""gemma3-4b|50000|qa:2Wiki-fresh|0.0"", ""gemma3-4b|50000|qa:2Wiki-fresh|0.1"", ""gemma3-4b|50000|qa:2Wiki-fresh|0.25"", ""gemma3-4b|50000|qa:2Wiki-fresh|0.5"", ""gemma3-4b|50000|qa:MuSiQue|0.0"", ""gemma3-4b|50000|qa:MuSiQue|0.1"", ""gemma3-4b|50000|qa:MuSiQue|0.25"", ""gemma3-4b|50000|qa:MuSiQue|0.5""]"
boundary,math/code,boundary_loglinear,"{""numerator"": 17, ""denominator"": 48, ""fraction"": 0.3541666666666667}","{""numerator"": 11, ""denominator"": 17, ""fraction"": 0.6470588235294118}","{""numerator"": 10, ""denominator"": 14, ""fraction"": 0.7142857142857143}","{""numerator"": 11, ""denominator"": 48, ""fraction"": 0.22916666666666666}","[""gemma3-1b|100000|code:MBPP|0.25"", ""gemma3-1b|100000|math:MATH-500|0.25"", ""gemma3-1b|200000|code:MBPP|0.25"", ""gemma3-1b|200000|math:MATH-500|0.1"", ""gemma3-1b|200000|math:MATH-500|0.25"", ""gemma3-1b|50000|code:MBPP|0.1"", ""gemma3-1b|50000|code:MBPP|0.25"", ""gemma3-1b|50000|math:MATH-500|0.1"", ""gemma3-1b|50000|math:MATH-500|0.25"", ""gemma3-4b|100000|math:MATH-500|0.5"", ""gemma3-4b|200000|math:MATH-500|0.25"", ""gemma3-4b|200000|math:MATH-500|0.5"", ""gemma3-4b|50000|math:MATH-500|0.25"", ""gemma3-4b|50000|math:MATH-500|0.5""]"
boundary,math/code,fixed_reuse,"{""numerator"": 16, ""denominator"": 48, ""fraction"": 0.3333333333333333}","{""numerator"": 13, ""denominator"": 16, ""fraction"": 0.8125}","{""numerator"": 11, ""denominator"": 14, ""fraction"": 0.7857142857142857}","{""numerator"": 13, ""denominator"": 48, ""fraction"": 0.2708333333333333}","[""gemma3-1b|100000|code:MBPP|0.25"", ""gemma3-1b|100000|math:MATH-500|0.25"", ""gemma3-1b|200000|code:MBPP|0.25"", ""gemma3-1b|200000|math:MATH-500|0.1"", ""gemma3-1b|200000|math:MATH-500|0.25"", ""gemma3-1b|50000|code:MBPP|0.1"", ""gemma3-1b|50000|code:MBPP|0.25"", ""gemma3-1b|50000|math:MATH-500|0.1"", ""gemma3-1b|50000|math:MATH-500|0.25"", ""gemma3-4b|100000|math:MATH-500|0.5"", ""gemma3-4b|200000|math:MATH-500|0.25"", ""gemma3-4b|200000|math:MATH-500|0.5"", ""gemma3-4b|50000|math:MATH-500|0.25"", ""gemma3-4b|50000|math:MATH-500|0.5""]"
boundary,math/code,student_isotonic,"{""numerator"": 25, ""denominator"": 48, ""fraction"": 0.5208333333333334}","{""numerator"": 22, ""denominator"": 25, ""fraction"": 0.88}","{""numerator"": 12, ""denominator"": 14, ""fraction"": 0.8571428571428571}","{""numerator"": 22, ""denominator"": 48, ""fraction"": 0.4583333333333333}","[""gemma3-1b|100000|code:MBPP|0.25"", ""gemma3-1b|100000|math:MATH-500|0.25"", ""gemma3-1b|200000|code:MBPP|0.25"", ""gemma3-1b|200000|math:MATH-500|0.1"", ""gemma3-1b|200000|math:MATH-500|0.25"", ""gemma3-1b|50000|code:MBPP|0.1"", ""gemma3-1b|50000|code:MBPP|0.25"", ""gemma3-1b|50000|math:MATH-500|0.1"", ""gemma3-1b|50000|math:MATH-500|0.25"", ""gemma3-4b|100000|math:MATH-500|0.5"", ""gemma3-4b|200000|math:MATH-500|0.25"", ""gemma3-4b|200000|math:MATH-500|0.5"", ""gemma3-4b|50000|math:MATH-500|0.25"", ""gemma3-4b|50000|math:MATH-500|0.5""]"
boundary,2Wiki original probe,boundary_loglinear,"{""numerator"": 24, ""denominator"": 24, ""fraction"": 1.0}","{""numerator"": 18, ""denominator"": 24, ""fraction"": 0.75}","{""numerator"": 14, ""denominator"": 19, ""fraction"": 0.7368421052631579}","{""numerator"": 18, ""denominator"": 24, ""fraction"": 0.75}","[""gemma3-1b|100000|qa:2Wiki-probe|0.1"", ""gemma3-1b|100000|qa:2Wiki-probe|0.25"", ""gemma3-1b|100000|qa:2Wiki-probe|0.5"", ""gemma3-1b|200000|qa:2Wiki-probe|0.0"", ""gemma3-1b|200000|qa:2Wiki-probe|0.1"", ""gemma3-1b|200000|qa:2Wiki-probe|0.25"", ""gemma3-1b|200000|qa:2Wiki-probe|0.5"", ""gemma3-1b|50000|qa:2Wiki-probe|0.0"", ""gemma3-1b|50000|qa:2Wiki-probe|0.1"", ""gemma3-1b|50000|qa:2Wiki-probe|0.25"", ""gemma3-1b|50000|qa:2Wiki-probe|0.5"", ""gemma3-4b|200000|qa:2Wiki-probe|0.0"", ""gemma3-4b|200000|qa:2Wiki-probe|0.1"", ""gemma3-4b|200000|qa:2Wiki-probe|0.25"", ""gemma3-4b|200000|qa:2Wiki-probe|0.5"", ""gemma3-4b|50000|qa:2Wiki-probe|0.0"", ""gemma3-4b|50000|qa:2Wiki-probe|0.1"", ""gemma3-4b|50000|qa:2Wiki-probe|0.25"", ""gemma3-4b|50000|qa:2Wiki-probe|0.5""]"
boundary,2Wiki original probe,fixed_reuse,"{""numerator"": 24, ""denominator"": 24, ""fraction"": 1.0}","{""numerator"": 19, ""denominator"": 24, ""fraction"": 0.7916666666666666}","{""numerator"": 15, ""denominator"": 19, ""fraction"": 0.7894736842105263}","{""numerator"": 19, ""denominator"": 24, ""fraction"": 0.7916666666666666}","[""gemma3-1b|100000|qa:2Wiki-probe|0.1"", ""gemma3-1b|100000|qa:2Wiki-probe|0.25"", ""gemma3-1b|100000|qa:2Wiki-probe|0.5"", ""gemma3-1b|200000|qa:2Wiki-probe|0.0"", ""gemma3-1b|200000|qa:2Wiki-probe|0.1"", ""gemma3-1b|200000|qa:2Wiki-probe|0.25"", ""gemma3-1b|200000|qa:2Wiki-probe|0.5"", ""gemma3-1b|50000|qa:2Wiki-probe|0.0"", ""gemma3-1b|50000|qa:2Wiki-probe|0.1"", ""gemma3-1b|50000|qa:2Wiki-probe|0.25"", ""gemma3-1b|50000|qa:2Wiki-probe|0.5"", ""gemma3-4b|200000|qa:2Wiki-probe|0.0"", ""gemma3-4b|200000|qa:2Wiki-probe|0.1"", ""gemma3-4b|200000|qa:2Wiki-probe|0.25"", ""gemma3-4b|200000|qa:2Wiki-probe|0.5"", ""gemma3-4b|50000|qa:2Wiki-probe|0.0"", ""gemma3-4b|50000|qa:2Wiki-probe|0.1"", ""gemma3-4b|50000|qa:2Wiki-probe|0.25"", ""gemma3-4b|50000|qa:2Wiki-probe|0.5""]"
boundary,2Wiki original probe,student_isotonic,"{""numerator"": 19, ""denominator"": 24, ""fraction"": 0.7916666666666666}","{""numerator"": 16, ""denominator"": 19, ""fraction"": 0.8421052631578947}","{""numerator"": 16, ""denominator"": 19, ""fraction"": 0.8421052631578947}","{""numerator"": 16, ""denominator"": 24, ""fraction"": 0.6666666666666666}","[""gemma3-1b|100000|qa:2Wiki-probe|0.1"", ""gemma3-1b|100000|qa:2Wiki-probe|0.25"", ""gemma3-1b|100000|qa:2Wiki-probe|0.5"", ""gemma3-1b|200000|qa:2Wiki-probe|0.0"", ""gemma3-1b|200000|qa:2Wiki-probe|0.1"", ""gemma3-1b|200000|qa:2Wiki-probe|0.25"", ""gemma3-1b|200000|qa:2Wiki-probe|0.5"", ""gemma3-1b|50000|qa:2Wiki-probe|0.0"", ""gemma3-1b|50000|qa:2Wiki-probe|0.1"", ""gemma3-1b|50000|qa:2Wiki-probe|0.25"", ""gemma3-1b|50000|qa:2Wiki-probe|0.5"", ""gemma3-4b|200000|qa:2Wiki-probe|0.0"", ""gemma3-4b|200000|qa:2Wiki-probe|0.1"", ""gemma3-4b|200000|qa:2Wiki-probe|0.25"", ""gemma3-4b|200000|qa:2Wiki-probe|0.5"", ""gemma3-4b|50000|qa:2Wiki-probe|0.0"", ""gemma3-4b|50000|qa:2Wiki-probe|0.1"", ""gemma3-4b|50000|qa:2Wiki-probe|0.25"", ""gemma3-4b|50000|qa:2Wiki-probe|0.5""]"
boundary,QA including original probe,boundary_loglinear,"{""numerator"": 78, ""denominator"": 96, ""fraction"": 0.8125}","{""numerator"": 48, ""denominator"": 78, ""fraction"": 0.6153846153846154}","{""numerator"": 44, ""denominator"": 61, ""fraction"": 0.7213114754098361}","{""numerator"": 48, ""denominator"": 96, ""fraction"": 0.5}","[""gemma3-1b|100000|qa:2Wiki-fresh|0.0"", ""gemma3-1b|100000|qa:2Wiki-fresh|0.1"", ""gemma3-1b|100000|qa:2Wiki-fresh|0.25"", ""gemma3-1b|100000|qa:2Wiki-fresh|0.5"", ""gemma3-1b|100000|qa:2Wiki-probe|0.1"", ""gemma3-1b|100000|qa:2Wiki-probe|0.25"", ""gemma3-1b|100000|qa:2Wiki-probe|0.5"", ""gemma3-1b|100000|qa:MuSiQue|0.5"", ""gemma3-1b|100000|qa:TriviaQA|0.5"", ""gemma3-1b|200000|qa:2Wiki-fresh|0.0"", ""gemma3-1b|200000|qa:2Wiki-fresh|0.1"", ""gemma3-1b|200000|qa:2Wiki-fresh|0.25"", ""gemma3-1b|200000|qa:2Wiki-fresh|0.5"", ""gemma3-1b|200000|qa:2Wiki-probe|0.0"", ""gemma3-1b|200000|qa:2Wiki-probe|0.1"", ""gemma3-1b|200000|qa:2Wiki-probe|0.25"", ""gemma3-1b|200000|qa:2Wiki-probe|0.5"", ""gemma3-1b|200000|qa:MuSiQue|0.5"", ""gemma3-1b|200000|qa:TriviaQA|0.5"", ""gemma3-1b|50000|qa:2Wiki-fresh|0.0"", ""gemma3-1b|50000|qa:2Wiki-fresh|0.1"", ""gemma3-1b|50000|qa:2Wiki-fresh|0.25"", ""gemma3-1b|50000|qa:2Wiki-fresh|0.5"", ""gemma3-1b|50000|qa:2Wiki-probe|0.0"", ""gemma3-1b|50000|qa:2Wiki-probe|0.1"", ""gemma3-1b|50000|qa:2Wiki-probe|0.25"", ""gemma3-1b|50000|qa:2Wiki-probe|0.5"", ""gemma3-1b|50000|qa:MuSiQue|0.0"", ""gemma3-1b|50000|qa:MuSiQue|0.1"", ""gemma3-1b|50000|qa:MuSiQue|0.25"", ""gemma3-1b|50000|qa:MuSiQue|0.5"", ""gemma3-1b|50000|qa:TriviaQA|0.25"", ""gemma3-1b|50000|qa:TriviaQA|0.5"", ""gemma3-4b|100000|qa:2Wiki-fresh|0.0"", ""gemma3-4b|100000|qa:2Wiki-fresh|0.1"", ""gemma3-4b|100000|qa:2Wiki-fresh|0.25"", ""gemma3-4b|100000|qa:2Wiki-fresh|0.5"", ""gemma3-4b|100000|qa:MuSiQue|0.25"", ""gemma3-4b|100000|qa:MuSiQue|0.5"", ""gemma3-4b|200000|qa:2Wiki-fresh|0.0"", ""gemma3-4b|200000|qa:2Wiki-fresh|0.1"", ""gemma3-4b|200000|qa:2Wiki-fresh|0.25"", ""gemma3-4b|200000|qa:2Wiki-fresh|0.5"", ""gemma3-4b|200000|qa:2Wiki-probe|0.0"", ""gemma3-4b|200000|qa:2Wiki-probe|0.1"", ""gemma3-4b|200000|qa:2Wiki-probe|0.25"", ""gemma3-4b|200000|qa:2Wiki-probe|0.5"", ""gemma3-4b|200000|qa:MuSiQue|0.5"", ""gemma3-4b|200000|qa:TriviaQA|0.5"", ""gemma3-4b|50000|qa:2Wiki-fresh|0.0"", ""gemma3-4b|50000|qa:2Wiki-fresh|0.1"", ""gemma3-4b|50000|qa:2Wiki-fresh|0.25"", ""gemma3-4b|50000|qa:2Wiki-fresh|0.5"", ""gemma3-4b|50000|qa:2Wiki-probe|0.0"", ""gemma3-4b|50000|qa:2Wiki-probe|0.1"", ""gemma3-4b|50000|qa:2Wiki-probe|0.25"", ""gemma3-4b|50000|qa:2Wiki-probe|0.5"", ""gemma3-4b|50000|qa:MuSiQue|0.0"", ""gemma3-4b|50000|qa:MuSiQue|0.1"", ""gemma3-4b|50000|qa:MuSiQue|0.25"", ""gemma3-4b|50000|qa:MuSiQue|0.5""]"
boundary,QA including original probe,fixed_reuse,"{""numerator"": 81, ""denominator"": 96, ""fraction"": 0.84375}","{""numerator"": 44, ""denominator"": 81, ""fraction"": 0.5432098765432098}","{""numerator"": 40, ""denominator"": 61, ""fraction"": 0.6557377049180327}","{""numerator"": 44, ""denominator"": 96, ""fraction"": 0.4583333333333333}","[""gemma3-1b|100000|qa:2Wiki-fresh|0.0"", ""gemma3-1b|100000|qa:2Wiki-fresh|0.1"", ""gemma3-1b|100000|qa:2Wiki-fresh|0.25"", ""gemma3-1b|100000|qa:2Wiki-fresh|0.5"", ""gemma3-1b|100000|qa:2Wiki-probe|0.1"", ""gemma3-1b|100000|qa:2Wiki-probe|0.25"", ""gemma3-1b|100000|qa:2Wiki-probe|0.5"", ""gemma3-1b|100000|qa:MuSiQue|0.5"", ""gemma3-1b|100000|qa:TriviaQA|0.5"", ""gemma3-1b|200000|qa:2Wiki-fresh|0.0"", ""gemma3-1b|200000|qa:2Wiki-fresh|0.1"", ""gemma3-1b|200000|qa:2Wiki-fresh|0.25"", ""gemma3-1b|200000|qa:2Wiki-fresh|0.5"", ""gemma3-1b|200000|qa:2Wiki-probe|0.0"", ""gemma3-1b|200000|qa:2Wiki-probe|0.1"", ""gemma3-1b|200000|qa:2Wiki-probe|0.25"", ""gemma3-1b|200000|qa:2Wiki-probe|0.5"", ""gemma3-1b|200000|qa:MuSiQue|0.5"", ""gemma3-1b|200000|qa:TriviaQA|0.5"", ""gemma3-1b|50000|qa:2Wiki-fresh|0.0"", ""gemma3-1b|50000|qa:2Wiki-fresh|0.1"", ""gemma3-1b|50000|qa:2Wiki-fresh|0.25"", ""gemma3-1b|50000|qa:2Wiki-fresh|0.5"", ""gemma3-1b|50000|qa:2Wiki-probe|0.0"", ""gemma3-1b|50000|qa:2Wiki-probe|0.1"", ""gemma3-1b|50000|qa:2Wiki-probe|0.25"", ""gemma3-1b|50000|qa:2Wiki-probe|0.5"", ""gemma3-1b|50000|qa:MuSiQue|0.0"", ""gemma3-1b|50000|qa:MuSiQue|0.1"", ""gemma3-1b|50000|qa:MuSiQue|0.25"", ""gemma3-1b|50000|qa:MuSiQue|0.5"", ""gemma3-1b|50000|qa:TriviaQA|0.25"", ""gemma3-1b|50000|qa:TriviaQA|0.5"", ""gemma3-4b|100000|qa:2Wiki-fresh|0.0"", ""gemma3-4b|100000|qa:2Wiki-fresh|0.1"", ""gemma3-4b|100000|qa:2Wiki-fresh|0.25"", ""gemma3-4b|100000|qa:2Wiki-fresh|0.5"", ""gemma3-4b|100000|qa:MuSiQue|0.25"", ""gemma3-4b|100000|qa:MuSiQue|0.5"", ""gemma3-4b|200000|qa:2Wiki-fresh|0.0"", ""gemma3-4b|200000|qa:2Wiki-fresh|0.1"", ""gemma3-4b|200000|qa:2Wiki-fresh|0.25"", ""gemma3-4b|200000|qa:2Wiki-fresh|0.5"", ""gemma3-4b|200000|qa:2Wiki-probe|0.0"", ""gemma3-4b|200000|qa:2Wiki-probe|0.1"", ""gemma3-4b|200000|qa:2Wiki-probe|0.25"", ""gemma3-4b|200000|qa:2Wiki-probe|0.5"", ""gemma3-4b|200000|qa:MuSiQue|0.5"", ""gemma3-4b|200000|qa:TriviaQA|0.5"", ""gemma3-4b|50000|qa:2Wiki-fresh|0.0"", ""gemma3-4b|50000|qa:2Wiki-fresh|0.1"", ""gemma3-4b|50000|qa:2Wiki-fresh|0.25"", ""gemma3-4b|50000|qa:2Wiki-fresh|0.5"", ""gemma3-4b|50000|qa:2Wiki-probe|0.0"", ""gemma3-4b|50000|qa:2Wiki-probe|0.1"", ""gemma3-4b|50000|qa:2Wiki-probe|0.25"", ""gemma3-4b|50000|qa:2Wiki-probe|0.5"", ""gemma3-4b|50000|qa:MuSiQue|0.0"", ""gemma3-4b|50000|qa:MuSiQue|0.1"", ""gemma3-4b|50000|qa:MuSiQue|0.25"", ""gemma3-4b|50000|qa:MuSiQue|0.5""]"
boundary,QA including original probe,student_isotonic,"{""numerator"": 61, ""denominator"": 96, ""fraction"": 0.6354166666666666}","{""numerator"": 49, ""denominator"": 61, ""fraction"": 0.8032786885245902}","{""numerator"": 49, ""denominator"": 61, ""fraction"": 0.8032786885245902}","{""numerator"": 49, ""denominator"": 96, ""fraction"": 0.5104166666666666}","[""gemma3-1b|100000|qa:2Wiki-fresh|0.0"", ""gemma3-1b|100000|qa:2Wiki-fresh|0.1"", ""gemma3-1b|100000|qa:2Wiki-fresh|0.25"", ""gemma3-1b|100000|qa:2Wiki-fresh|0.5"", ""gemma3-1b|100000|qa:2Wiki-probe|0.1"", ""gemma3-1b|100000|qa:2Wiki-probe|0.25"", ""gemma3-1b|100000|qa:2Wiki-probe|0.5"", ""gemma3-1b|100000|qa:MuSiQue|0.5"", ""gemma3-1b|100000|qa:TriviaQA|0.5"", ""gemma3-1b|200000|qa:2Wiki-fresh|0.0"", ""gemma3-1b|200000|qa:2Wiki-fresh|0.1"", ""gemma3-1b|200000|qa:2Wiki-fresh|0.25"", ""gemma3-1b|200000|qa:2Wiki-fresh|0.5"", ""gemma3-1b|200000|qa:2Wiki-probe|0.0"", ""gemma3-1b|200000|qa:2Wiki-probe|0.1"", ""gemma3-1b|200000|qa:2Wiki-probe|0.25"", ""gemma3-1b|200000|qa:2Wiki-probe|0.5"", ""gemma3-1b|200000|qa:MuSiQue|0.5"", ""gemma3-1b|200000|qa:TriviaQA|0.5"", ""gemma3-1b|50000|qa:2Wiki-fresh|0.0"", ""gemma3-1b|50000|qa:2Wiki-fresh|0.1"", ""gemma3-1b|50000|qa:2Wiki-fresh|0.25"", ""gemma3-1b|50000|qa:2Wiki-fresh|0.5"", ""gemma3-1b|50000|qa:2Wiki-probe|0.0"", ""gemma3-1b|50000|qa:2Wiki-probe|0.1"", ""gemma3-1b|50000|qa:2Wiki-probe|0.25"", ""gemma3-1b|50000|qa:2Wiki-probe|0.5"", ""gemma3-1b|50000|qa:MuSiQue|0.0"", ""gemma3-1b|50000|qa:MuSiQue|0.1"", ""gemma3-1b|50000|qa:MuSiQue|0.25"", ""gemma3-1b|50000|qa:MuSiQue|0.5"", ""gemma3-1b|50000|qa:TriviaQA|0.25"", ""gemma3-1b|50000|qa:TriviaQA|0.5"", ""gemma3-4b|100000|qa:2Wiki-fresh|0.0"", ""gemma3-4b|100000|qa:2Wiki-fresh|0.1"", ""gemma3-4b|100000|qa:2Wiki-fresh|0.25"", ""gemma3-4b|100000|qa:2Wiki-fresh|0.5"", ""gemma3-4b|100000|qa:MuSiQue|0.25"", ""gemma3-4b|100000|qa:MuSiQue|0.5"", ""gemma3-4b|200000|qa:2Wiki-fresh|0.0"", ""gemma3-4b|200000|qa:2Wiki-fresh|0.1"", ""gemma3-4b|200000|qa:2Wiki-fresh|0.25"", ""gemma3-4b|200000|qa:2Wiki-fresh|0.5"", ""gemma3-4b|200000|qa:2Wiki-probe|0.0"", ""gemma3-4b|200000|qa:2Wiki-probe|0.1"", ""gemma3-4b|200000|qa:2Wiki-probe|0.25"", ""gemma3-4b|200000|qa:2Wiki-probe|0.5"", ""gemma3-4b|200000|qa:MuSiQue|0.5"", ""gemma3-4b|200000|qa:TriviaQA|0.5"", ""gemma3-4b|50000|qa:2Wiki-fresh|0.0"", ""gemma3-4b|50000|qa:2Wiki-fresh|0.1"", ""gemma3-4b|50000|qa:2Wiki-fresh|0.25"", ""gemma3-4b|50000|qa:2Wiki-fresh|0.5"", ""gemma3-4b|50000|qa:2Wiki-probe|0.0"", ""gemma3-4b|50000|qa:2Wiki-probe|0.1"", ""gemma3-4b|50000|qa:2Wiki-probe|0.25"", ""gemma3-4b|50000|qa:2Wiki-probe|0.5"", ""gemma3-4b|50000|qa:MuSiQue|0.0"", ""gemma3-4b|50000|qa:MuSiQue|0.1"", ""gemma3-4b|50000|qa:MuSiQue|0.25"", ""gemma3-4b|50000|qa:MuSiQue|0.5""]"
boundary,all requests,boundary_loglinear,"{""numerator"": 95, ""denominator"": 144, ""fraction"": 0.6597222222222222}","{""numerator"": 59, ""denominator"": 95, ""fraction"": 0.6210526315789474}","{""numerator"": 54, ""denominator"": 75, ""fraction"": 0.72}","{""numerator"": 59, ""denominator"": 144, ""fraction"": 0.4097222222222222}","[""gemma3-1b|100000|code:MBPP|0.25"", ""gemma3-1b|100000|math:MATH-500|0.25"", ""gemma3-1b|100000|qa:2Wiki-fresh|0.0"", ""gemma3-1b|100000|qa:2Wiki-fresh|0.1"", ""gemma3-1b|100000|qa:2Wiki-fresh|0.25"", ""gemma3-1b|100000|qa:2Wiki-fresh|0.5"", ""gemma3-1b|100000|qa:2Wiki-probe|0.1"", ""gemma3-1b|100000|qa:2Wiki-probe|0.25"", ""gemma3-1b|100000|qa:2Wiki-probe|0.5"", ""gemma3-1b|100000|qa:MuSiQue|0.5"", ""gemma3-1b|100000|qa:TriviaQA|0.5"", ""gemma3-1b|200000|code:MBPP|0.25"", ""gemma3-1b|200000|math:MATH-500|0.1"", ""gemma3-1b|200000|math:MATH-500|0.25"", ""gemma3-1b|200000|qa:2Wiki-fresh|0.0"", ""gemma3-1b|200000|qa:2Wiki-fresh|0.1"", ""gemma3-1b|200000|qa:2Wiki-fresh|0.25"", ""gemma3-1b|200000|qa:2Wiki-fresh|0.5"", ""gemma3-1b|200000|qa:2Wiki-probe|0.0"", ""gemma3-1b|200000|qa:2Wiki-probe|0.1"", ""gemma3-1b|200000|qa:2Wiki-probe|0.25"", ""gemma3-1b|200000|qa:2Wiki-probe|0.5"", ""gemma3-1b|200000|qa:MuSiQue|0.5"", ""gemma3-1b|200000|qa:TriviaQA|0.5"", ""gemma3-1b|50000|code:MBPP|0.1"", ""gemma3-1b|50000|code:MBPP|0.25"", ""gemma3-1b|50000|math:MATH-500|0.1"", ""gemma3-1b|50000|math:MATH-500|0.25"", ""gemma3-1b|50000|qa:2Wiki-fresh|0.0"", ""gemma3-1b|50000|qa:2Wiki-fresh|0.1"", ""gemma3-1b|50000|qa:2Wiki-fresh|0.25"", ""gemma3-1b|50000|qa:2Wiki-fresh|0.5"", ""gemma3-1b|50000|qa:2Wiki-probe|0.0"", ""gemma3-1b|50000|qa:2Wiki-probe|0.1"", ""gemma3-1b|50000|qa:2Wiki-probe|0.25"", ""gemma3-1b|50000|qa:2Wiki-probe|0.5"", ""gemma3-1b|50000|qa:MuSiQue|0.0"", ""gemma3-1b|50000|qa:MuSiQue|0.1"", ""gemma3-1b|50000|qa:MuSiQue|0.25"", ""gemma3-1b|50000|qa:MuSiQue|0.5"", ""gemma3-1b|50000|qa:TriviaQA|0.25"", ""gemma3-1b|50000|qa:TriviaQA|0.5"", ""gemma3-4b|100000|math:MATH-500|0.5"", ""gemma3-4b|100000|qa:2Wiki-fresh|0.0"", ""gemma3-4b|100000|qa:2Wiki-fresh|0.1"", ""gemma3-4b|100000|qa:2Wiki-fresh|0.25"", ""gemma3-4b|100000|qa:2Wiki-fresh|0.5"", ""gemma3-4b|100000|qa:MuSiQue|0.25"", ""gemma3-4b|100000|qa:MuSiQue|0.5"", ""gemma3-4b|200000|math:MATH-500|0.25"", ""gemma3-4b|200000|math:MATH-500|0.5"", ""gemma3-4b|200000|qa:2Wiki-fresh|0.0"", ""gemma3-4b|200000|qa:2Wiki-fresh|0.1"", ""gemma3-4b|200000|qa:2Wiki-fresh|0.25"", ""gemma3-4b|200000|qa:2Wiki-fresh|0.5"", ""gemma3-4b|200000|qa:2Wiki-probe|0.0"", ""gemma3-4b|200000|qa:2Wiki-probe|0.1"", ""gemma3-4b|200000|qa:2Wiki-probe|0.25"", ""gemma3-4b|200000|qa:2Wiki-probe|0.5"", ""gemma3-4b|200000|qa:MuSiQue|0.5"", ""gemma3-4b|200000|qa:TriviaQA|0.5"", ""gemma3-4b|50000|math:MATH-500|0.25"", ""gemma3-4b|50000|math:MATH-500|0.5"", ""gemma3-4b|50000|qa:2Wiki-fresh|0.0"", ""gemma3-4b|50000|qa:2Wiki-fresh|0.1"", ""gemma3-4b|50000|qa:2Wiki-fresh|0.25"", ""gemma3-4b|50000|qa:2Wiki-fresh|0.5"", ""gemma3-4b|50000|qa:2Wiki-probe|0.0"", ""gemma3-4b|50000|qa:2Wiki-probe|0.1"", ""gemma3-4b|50000|qa:2Wiki-probe|0.25"", ""gemma3-4b|50000|qa:2Wiki-probe|0.5"", ""gemma3-4b|50000|qa:MuSiQue|0.0"", ""gemma3-4b|50000|qa:MuSiQue|0.1"", ""gemma3-4b|50000|qa:MuSiQue|0.25"", ""gemma3-4b|50000|qa:MuSiQue|0.5""]"
boundary,all requests,fixed_reuse,"{""numerator"": 97, ""denominator"": 144, ""fraction"": 0.6736111111111112}","{""numerator"": 57, ""denominator"": 97, ""fraction"": 0.5876288659793815}","{""numerator"": 51, ""denominator"": 75, ""fraction"": 0.68}","{""numerator"": 57, ""denominator"": 144, ""fraction"": 0.3958333333333333}","[""gemma3-1b|100000|code:MBPP|0.25"", ""gemma3-1b|100000|math:MATH-500|0.25"", ""gemma3-1b|100000|qa:2Wiki-fresh|0.0"", ""gemma3-1b|100000|qa:2Wiki-fresh|0.1"", ""gemma3-1b|100000|qa:2Wiki-fresh|0.25"", ""gemma3-1b|100000|qa:2Wiki-fresh|0.5"", ""gemma3-1b|100000|qa:2Wiki-probe|0.1"", ""gemma3-1b|100000|qa:2Wiki-probe|0.25"", ""gemma3-1b|100000|qa:2Wiki-probe|0.5"", ""gemma3-1b|100000|qa:MuSiQue|0.5"", ""gemma3-1b|100000|qa:TriviaQA|0.5"", ""gemma3-1b|200000|code:MBPP|0.25"", ""gemma3-1b|200000|math:MATH-500|0.1"", ""gemma3-1b|200000|math:MATH-500|0.25"", ""gemma3-1b|200000|qa:2Wiki-fresh|0.0"", ""gemma3-1b|200000|qa:2Wiki-fresh|0.1"", ""gemma3-1b|200000|qa:2Wiki-fresh|0.25"", ""gemma3-1b|200000|qa:2Wiki-fresh|0.5"", ""gemma3-1b|200000|qa:2Wiki-probe|0.0"", ""gemma3-1b|200000|qa:2Wiki-probe|0.1"", ""gemma3-1b|200000|qa:2Wiki-probe|0.25"", ""gemma3-1b|200000|qa:2Wiki-probe|0.5"", ""gemma3-1b|200000|qa:MuSiQue|0.5"", ""gemma3-1b|200000|qa:TriviaQA|0.5"", ""gemma3-1b|50000|code:MBPP|0.1"", ""gemma3-1b|50000|code:MBPP|0.25"", ""gemma3-1b|50000|math:MATH-500|0.1"", ""gemma3-1b|50000|math:MATH-500|0.25"", ""gemma3-1b|50000|qa:2Wiki-fresh|0.0"", ""gemma3-1b|50000|qa:2Wiki-fresh|0.1"", ""gemma3-1b|50000|qa:2Wiki-fresh|0.25"", ""gemma3-1b|50000|qa:2Wiki-fresh|0.5"", ""gemma3-1b|50000|qa:2Wiki-probe|0.0"", ""gemma3-1b|50000|qa:2Wiki-probe|0.1"", ""gemma3-1b|50000|qa:2Wiki-probe|0.25"", ""gemma3-1b|50000|qa:2Wiki-probe|0.5"", ""gemma3-1b|50000|qa:MuSiQue|0.0"", ""gemma3-1b|50000|qa:MuSiQue|0.1"", ""gemma3-1b|50000|qa:MuSiQue|0.25"", ""gemma3-1b|50000|qa:MuSiQue|0.5"", ""gemma3-1b|50000|qa:TriviaQA|0.25"", ""gemma3-1b|50000|qa:TriviaQA|0.5"", ""gemma3-4b|100000|math:MATH-500|0.5"", ""gemma3-4b|100000|qa:2Wiki-fresh|0.0"", ""gemma3-4b|100000|qa:2Wiki-fresh|0.1"", ""gemma3-4b|100000|qa:2Wiki-fresh|0.25"", ""gemma3-4b|100000|qa:2Wiki-fresh|0.5"", ""gemma3-4b|100000|qa:MuSiQue|0.25"", ""gemma3-4b|100000|qa:MuSiQue|0.5"", ""gemma3-4b|200000|math:MATH-500|0.25"", ""gemma3-4b|200000|math:MATH-500|0.5"", ""gemma3-4b|200000|qa:2Wiki-fresh|0.0"", ""gemma3-4b|200000|qa:2Wiki-fresh|0.1"", ""gemma3-4b|200000|qa:2Wiki-fresh|0.25"", ""gemma3-4b|200000|qa:2Wiki-fresh|0.5"", ""gemma3-4b|200000|qa:2Wiki-probe|0.0"", ""gemma3-4b|200000|qa:2Wiki-probe|0.1"", ""gemma3-4b|200000|qa:2Wiki-probe|0.25"", ""gemma3-4b|200000|qa:2Wiki-probe|0.5"", ""gemma3-4b|200000|qa:MuSiQue|0.5"", ""gemma3-4b|200000|qa:TriviaQA|0.5"", ""gemma3-4b|50000|math:MATH-500|0.25"", ""gemma3-4b|50000|math:MATH-500|0.5"", ""gemma3-4b|50000|qa:2Wiki-fresh|0.0"", ""gemma3-4b|50000|qa:2Wiki-fresh|0.1"", ""gemma3-4b|50000|qa:2Wiki-fresh|0.25"", ""gemma3-4b|50000|qa:2Wiki-fresh|0.5"", ""gemma3-4b|50000|qa:2Wiki-probe|0.0"", ""gemma3-4b|50000|qa:2Wiki-probe|0.1"", ""gemma3-4b|50000|qa:2Wiki-probe|0.25"", ""gemma3-4b|50000|qa:2Wiki-probe|0.5"", ""gemma3-4b|50000|qa:MuSiQue|0.0"", ""gemma3-4b|50000|qa:MuSiQue|0.1"", ""gemma3-4b|50000|qa:MuSiQue|0.25"", ""gemma3-4b|50000|qa:MuSiQue|0.5""]"
boundary,all requests,student_isotonic,"{""numerator"": 86, ""denominator"": 144, ""fraction"": 0.5972222222222222}","{""numerator"": 71, ""denominator"": 86, ""fraction"": 0.8255813953488372}","{""numerator"": 61, ""denominator"": 75, ""fraction"": 0.8133333333333334}","{""numerator"": 71, ""denominator"": 144, ""fraction"": 0.4930555555555556}","[""gemma3-1b|100000|code:MBPP|0.25"", ""gemma3-1b|100000|math:MATH-500|0.25"", ""gemma3-1b|100000|qa:2Wiki-fresh|0.0"", ""gemma3-1b|100000|qa:2Wiki-fresh|0.1"", ""gemma3-1b|100000|qa:2Wiki-fresh|0.25"", ""gemma3-1b|100000|qa:2Wiki-fresh|0.5"", ""gemma3-1b|100000|qa:2Wiki-probe|0.1"", ""gemma3-1b|100000|qa:2Wiki-probe|0.25"", ""gemma3-1b|100000|qa:2Wiki-probe|0.5"", ""gemma3-1b|100000|qa:MuSiQue|0.5"", ""gemma3-1b|100000|qa:TriviaQA|0.5"", ""gemma3-1b|200000|code:MBPP|0.25"", ""gemma3-1b|200000|math:MATH-500|0.1"", ""gemma3-1b|200000|math:MATH-500|0.25"", ""gemma3-1b|200000|qa:2Wiki-fresh|0.0"", ""gemma3-1b|200000|qa:2Wiki-fresh|0.1"", ""gemma3-1b|200000|qa:2Wiki-fresh|0.25"", ""gemma3-1b|200000|qa:2Wiki-fresh|0.5"", ""gemma3-1b|200000|qa:2Wiki-probe|0.0"", ""gemma3-1b|200000|qa:2Wiki-probe|0.1"", ""gemma3-1b|200000|qa:2Wiki-probe|0.25"", ""gemma3-1b|200000|qa:2Wiki-probe|0.5"", ""gemma3-1b|200000|qa:MuSiQue|0.5"", ""gemma3-1b|200000|qa:TriviaQA|0.5"", ""gemma3-1b|50000|code:MBPP|0.1"", ""gemma3-1b|50000|code:MBPP|0.25"", ""gemma3-1b|50000|math:MATH-500|0.1"", ""gemma3-1b|50000|math:MATH-500|0.25"", ""gemma3-1b|50000|qa:2Wiki-fresh|0.0"", ""gemma3-1b|50000|qa:2Wiki-fresh|0.1"", ""gemma3-1b|50000|qa:2Wiki-fresh|0.25"", ""gemma3-1b|50000|qa:2Wiki-fresh|0.5"", ""gemma3-1b|50000|qa:2Wiki-probe|0.0"", ""gemma3-1b|50000|qa:2Wiki-probe|0.1"", ""gemma3-1b|50000|qa:2Wiki-probe|0.25"", ""gemma3-1b|50000|qa:2Wiki-probe|0.5"", ""gemma3-1b|50000|qa:MuSiQue|0.0"", ""gemma3-1b|50000|qa:MuSiQue|0.1"", ""gemma3-1b|50000|qa:MuSiQue|0.25"", ""gemma3-1b|50000|qa:MuSiQue|0.5"", ""gemma3-1b|50000|qa:TriviaQA|0.25"", ""gemma3-1b|50000|qa:TriviaQA|0.5"", ""gemma3-4b|100000|math:MATH-500|0.5"", ""gemma3-4b|100000|qa:2Wiki-fresh|0.0"", ""gemma3-4b|100000|qa:2Wiki-fresh|0.1"", ""gemma3-4b|100000|qa:2Wiki-fresh|0.25"", ""gemma3-4b|100000|qa:2Wiki-fresh|0.5"", ""gemma3-4b|100000|qa:MuSiQue|0.25"", ""gemma3-4b|100000|qa:MuSiQue|0.5"", ""gemma3-4b|200000|math:MATH-500|0.25"", ""gemma3-4b|200000|math:MATH-500|0.5"", ""gemma3-4b|200000|qa:2Wiki-fresh|0.0"", ""gemma3-4b|200000|qa:2Wiki-fresh|0.1"", ""gemma3-4b|200000|qa:2Wiki-fresh|0.25"", ""gemma3-4b|200000|qa:2Wiki-fresh|0.5"", ""gemma3-4b|200000|qa:2Wiki-probe|0.0"", ""gemma3-4b|200000|qa:2Wiki-probe|0.1"", ""gemma3-4b|200000|qa:2Wiki-probe|0.25"", ""gemma3-4b|200000|qa:2Wiki-probe|0.5"", ""gemma3-4b|200000|qa:MuSiQue|0.5"", ""gemma3-4b|200000|qa:TriviaQA|0.5"", ""gemma3-4b|50000|math:MATH-500|0.25"", ""gemma3-4b|50000|math:MATH-500|0.5"", ""gemma3-4b|50000|qa:2Wiki-fresh|0.0"", ""gemma3-4b|50000|qa:2Wiki-fresh|0.1"", ""gemma3-4b|50000|qa:2Wiki-fresh|0.25"", ""gemma3-4b|50000|qa:2Wiki-fresh|0.5"", ""gemma3-4b|50000|qa:2Wiki-probe|0.0"", ""gemma3-4b|50000|qa:2Wiki-probe|0.1"", ""gemma3-4b|50000|qa:2Wiki-probe|0.25"", ""gemma3-4b|50000|qa:2Wiki-probe|0.5"", ""gemma3-4b|50000|qa:MuSiQue|0.0"", ""gemma3-4b|50000|qa:MuSiQue|0.1"", ""gemma3-4b|50000|qa:MuSiQue|0.25"", ""gemma3-4b|50000|qa:MuSiQue|0.5""]"
delta,QA distributions,boundary_loglinear,"{""numerator"": 59, ""denominator"": 72, ""fraction"": 0.8194444444444444}","{""numerator"": 34, ""denominator"": 59, ""fraction"": 0.576271186440678}","{""numerator"": 20, ""denominator"": 22, ""fraction"": 0.9090909090909091}","{""numerator"": 34, ""denominator"": 72, ""fraction"": 0.4722222222222222}","[""gemma3-1b|100000|qa:2Wiki-fresh|0.25"", ""gemma3-1b|100000|qa:2Wiki-fresh|0.5"", ""gemma3-1b|100000|qa:MuSiQue|0.5"", ""gemma3-1b|100000|qa:TriviaQA|0.5"", ""gemma3-1b|200000|qa:2Wiki-fresh|0.5"", ""gemma3-1b|200000|qa:MuSiQue|0.5"", ""gemma3-1b|200000|qa:TriviaQA|0.5"", ""gemma3-1b|50000|qa:2Wiki-fresh|0.25"", ""gemma3-1b|50000|qa:2Wiki-fresh|0.5"", ""gemma3-1b|50000|qa:MuSiQue|0.25"", ""gemma3-1b|50000|qa:MuSiQue|0.5"", ""gemma3-1b|50000|qa:TriviaQA|0.25"", ""gemma3-1b|50000|qa:TriviaQA|0.5"", ""gemma3-4b|100000|qa:2Wiki-fresh|0.25"", ""gemma3-4b|100000|qa:2Wiki-fresh|0.5"", ""gemma3-4b|100000|qa:MuSiQue|0.5"", ""gemma3-4b|200000|qa:2Wiki-fresh|0.5"", ""gemma3-4b|200000|qa:MuSiQue|0.5"", ""gemma3-4b|50000|qa:2Wiki-fresh|0.25"", ""gemma3-4b|50000|qa:2Wiki-fresh|0.5"", ""gemma3-4b|50000|qa:MuSiQue|0.25"", ""gemma3-4b|50000|qa:MuSiQue|0.5""]"
delta,QA distributions,fixed_reuse,"{""numerator"": 26, ""denominator"": 72, ""fraction"": 0.3611111111111111}","{""numerator"": 20, ""denominator"": 26, ""fraction"": 0.7692307692307693}","{""numerator"": 20, ""denominator"": 22, ""fraction"": 0.9090909090909091}","{""numerator"": 20, ""denominator"": 72, ""fraction"": 0.2777777777777778}","[""gemma3-1b|100000|qa:2Wiki-fresh|0.25"", ""gemma3-1b|100000|qa:2Wiki-fresh|0.5"", ""gemma3-1b|100000|qa:MuSiQue|0.5"", ""gemma3-1b|100000|qa:TriviaQA|0.5"", ""gemma3-1b|200000|qa:2Wiki-fresh|0.5"", ""gemma3-1b|200000|qa:MuSiQue|0.5"", ""gemma3-1b|200000|qa:TriviaQA|0.5"", ""gemma3-1b|50000|qa:2Wiki-fresh|0.25"", ""gemma3-1b|50000|qa:2Wiki-fresh|0.5"", ""gemma3-1b|50000|qa:MuSiQue|0.25"", ""gemma3-1b|50000|qa:MuSiQue|0.5"", ""gemma3-1b|50000|qa:TriviaQA|0.25"", ""gemma3-1b|50000|qa:TriviaQA|0.5"", ""gemma3-4b|100000|qa:2Wiki-fresh|0.25"", ""gemma3-4b|100000|qa:2Wiki-fresh|0.5"", ""gemma3-4b|100000|qa:MuSiQue|0.5"", ""gemma3-4b|200000|qa:2Wiki-fresh|0.5"", ""gemma3-4b|200000|qa:MuSiQue|0.5"", ""gemma3-4b|50000|qa:2Wiki-fresh|0.25"", ""gemma3-4b|50000|qa:2Wiki-fresh|0.5"", ""gemma3-4b|50000|qa:MuSiQue|0.25"", ""gemma3-4b|50000|qa:MuSiQue|0.5""]"
delta,QA distributions,student_isotonic,"{""numerator"": 42, ""denominator"": 72, ""fraction"": 0.5833333333333334}","{""numerator"": 17, ""denominator"": 42, ""fraction"": 0.40476190476190477}","{""numerator"": 9, ""denominator"": 22, ""fraction"": 0.4090909090909091}","{""numerator"": 17, ""denominator"": 72, ""fraction"": 0.2361111111111111}","[""gemma3-1b|100000|qa:2Wiki-fresh|0.25"", ""gemma3-1b|100000|qa:2Wiki-fresh|0.5"", ""gemma3-1b|100000|qa:MuSiQue|0.5"", ""gemma3-1b|100000|qa:TriviaQA|0.5"", ""gemma3-1b|200000|qa:2Wiki-fresh|0.5"", ""gemma3-1b|200000|qa:MuSiQue|0.5"", ""gemma3-1b|200000|qa:TriviaQA|0.5"", ""gemma3-1b|50000|qa:2Wiki-fresh|0.25"", ""gemma3-1b|50000|qa:2Wiki-fresh|0.5"", ""gemma3-1b|50000|qa:MuSiQue|0.25"", ""gemma3-1b|50000|qa:MuSiQue|0.5"", ""gemma3-1b|50000|qa:TriviaQA|0.25"", ""gemma3-1b|50000|qa:TriviaQA|0.5"", ""gemma3-4b|100000|qa:2Wiki-fresh|0.25"", ""gemma3-4b|100000|qa:2Wiki-fresh|0.5"", ""gemma3-4b|100000|qa:MuSiQue|0.5"", ""gemma3-4b|200000|qa:2Wiki-fresh|0.5"", ""gemma3-4b|200000|qa:MuSiQue|0.5"", ""gemma3-4b|50000|qa:2Wiki-fresh|0.25"", ""gemma3-4b|50000|qa:2Wiki-fresh|0.5"", ""gemma3-4b|50000|qa:MuSiQue|0.25"", ""gemma3-4b|50000|qa:MuSiQue|0.5""]"
delta,math/code,boundary_loglinear,"{""numerator"": 29, ""denominator"": 48, ""fraction"": 0.6041666666666666}","{""numerator"": 14, ""denominator"": 29, ""fraction"": 0.4827586206896552}","{""numerator"": 12, ""denominator"": 24, ""fraction"": 0.5}","{""numerator"": 14, ""denominator"": 48, ""fraction"": 0.2916666666666667}","[""gemma3-1b|100000|code:MBPP|0.25"", ""gemma3-1b|100000|code:MBPP|0.5"", ""gemma3-1b|100000|math:MATH-500|0.25"", ""gemma3-1b|100000|math:MATH-500|0.5"", ""gemma3-1b|200000|code:MBPP|0.25"", ""gemma3-1b|200000|code:MBPP|0.5"", ""gemma3-1b|200000|math:MATH-500|0.25"", ""gemma3-1b|200000|math:MATH-500|0.5"", ""gemma3-1b|50000|code:MBPP|0.1"", ""gemma3-1b|50000|code:MBPP|0.25"", ""gemma3-1b|50000|code:MBPP|0.5"", ""gemma3-1b|50000|math:MATH-500|0.1"", ""gemma3-1b|50000|math:MATH-500|0.25"", ""gemma3-1b|50000|math:MATH-500|0.5"", ""gemma3-4b|100000|code:MBPP|0.5"", ""gemma3-4b|100000|math:MATH-500|0.5"", ""gemma3-4b|200000|code:MBPP|0.25"", ""gemma3-4b|200000|code:MBPP|0.5"", ""gemma3-4b|200000|math:MATH-500|0.25"", ""gemma3-4b|200000|math:MATH-500|0.5"", ""gemma3-4b|50000|code:MBPP|0.25"", ""gemma3-4b|50000|code:MBPP|0.5"", ""gemma3-4b|50000|math:MATH-500|0.25"", ""gemma3-4b|50000|math:MATH-500|0.5""]"
delta,math/code,fixed_reuse,"{""numerator"": 34, ""denominator"": 48, ""fraction"": 0.7083333333333334}","{""numerator"": 20, ""denominator"": 34, ""fraction"": 0.5882352941176471}","{""numerator"": 16, ""denominator"": 24, ""fraction"": 0.6666666666666666}","{""numerator"": 20, ""denominator"": 48, ""fraction"": 0.4166666666666667}","[""gemma3-1b|100000|code:MBPP|0.25"", ""gemma3-1b|100000|code:MBPP|0.5"", ""gemma3-1b|100000|math:MATH-500|0.25"", ""gemma3-1b|100000|math:MATH-500|0.5"", ""gemma3-1b|200000|code:MBPP|0.25"", ""gemma3-1b|200000|code:MBPP|0.5"", ""gemma3-1b|200000|math:MATH-500|0.25"", ""gemma3-1b|200000|math:MATH-500|0.5"", ""gemma3-1b|50000|code:MBPP|0.1"", ""gemma3-1b|50000|code:MBPP|0.25"", ""gemma3-1b|50000|code:MBPP|0.5"", ""gemma3-1b|50000|math:MATH-500|0.1"", ""gemma3-1b|50000|math:MATH-500|0.25"", ""gemma3-1b|50000|math:MATH-500|0.5"", ""gemma3-4b|100000|code:MBPP|0.5"", ""gemma3-4b|100000|math:MATH-500|0.5"", ""gemma3-4b|200000|code:MBPP|0.25"", ""gemma3-4b|200000|code:MBPP|0.5"", ""gemma3-4b|200000|math:MATH-500|0.25"", ""gemma3-4b|200000|math:MATH-500|0.5"", ""gemma3-4b|50000|code:MBPP|0.25"", ""gemma3-4b|50000|code:MBPP|0.5"", ""gemma3-4b|50000|math:MATH-500|0.25"", ""gemma3-4b|50000|math:MATH-500|0.5""]"
delta,math/code,student_isotonic,"{""numerator"": 25, ""denominator"": 48, ""fraction"": 0.5208333333333334}","{""numerator"": 15, ""denominator"": 25, ""fraction"": 0.6}","{""numerator"": 14, ""denominator"": 24, ""fraction"": 0.5833333333333334}","{""numerator"": 15, ""denominator"": 48, ""fraction"": 0.3125}","[""gemma3-1b|100000|code:MBPP|0.25"", ""gemma3-1b|100000|code:MBPP|0.5"", ""gemma3-1b|100000|math:MATH-500|0.25"", ""gemma3-1b|100000|math:MATH-500|0.5"", ""gemma3-1b|200000|code:MBPP|0.25"", ""gemma3-1b|200000|code:MBPP|0.5"", ""gemma3-1b|200000|math:MATH-500|0.25"", ""gemma3-1b|200000|math:MATH-500|0.5"", ""gemma3-1b|50000|code:MBPP|0.1"", ""gemma3-1b|50000|code:MBPP|0.25"", ""gemma3-1b|50000|code:MBPP|0.5"", ""gemma3-1b|50000|math:MATH-500|0.1"", ""gemma3-1b|50000|math:MATH-500|0.25"", ""gemma3-1b|50000|math:MATH-500|0.5"", ""gemma3-4b|100000|code:MBPP|0.5"", ""gemma3-4b|100000|math:MATH-500|0.5"", ""gemma3-4b|200000|code:MBPP|0.25"", ""gemma3-4b|200000|code:MBPP|0.5"", ""gemma3-4b|200000|math:MATH-500|0.25"", ""gemma3-4b|200000|math:MATH-500|0.5"", ""gemma3-4b|50000|code:MBPP|0.25"", ""gemma3-4b|50000|code:MBPP|0.5"", ""gemma3-4b|50000|math:MATH-500|0.25"", ""gemma3-4b|50000|math:MATH-500|0.5""]"
delta,2Wiki original probe,boundary_loglinear,"{""numerator"": 24, ""denominator"": 24, ""fraction"": 1.0}","{""numerator"": 19, ""denominator"": 24, ""fraction"": 0.7916666666666666}","{""numerator"": 15, ""denominator"": 19, ""fraction"": 0.7894736842105263}","{""numerator"": 19, ""denominator"": 24, ""fraction"": 0.7916666666666666}","[""gemma3-1b|100000|qa:2Wiki-probe|0.1"", ""gemma3-1b|100000|qa:2Wiki-probe|0.25"", ""gemma3-1b|100000|qa:2Wiki-probe|0.5"", ""gemma3-1b|200000|qa:2Wiki-probe|0.0"", ""gemma3-1b|200000|qa:2Wiki-probe|0.1"", ""gemma3-1b|200000|qa:2Wiki-probe|0.25"", ""gemma3-1b|200000|qa:2Wiki-probe|0.5"", ""gemma3-1b|50000|qa:2Wiki-probe|0.0"", ""gemma3-1b|50000|qa:2Wiki-probe|0.1"", ""gemma3-1b|50000|qa:2Wiki-probe|0.25"", ""gemma3-1b|50000|qa:2Wiki-probe|0.5"", ""gemma3-4b|200000|qa:2Wiki-probe|0.0"", ""gemma3-4b|200000|qa:2Wiki-probe|0.1"", ""gemma3-4b|200000|qa:2Wiki-probe|0.25"", ""gemma3-4b|200000|qa:2Wiki-probe|0.5"", ""gemma3-4b|50000|qa:2Wiki-probe|0.0"", ""gemma3-4b|50000|qa:2Wiki-probe|0.1"", ""gemma3-4b|50000|qa:2Wiki-probe|0.25"", ""gemma3-4b|50000|qa:2Wiki-probe|0.5""]"
delta,2Wiki original probe,fixed_reuse,"{""numerator"": 24, ""denominator"": 24, ""fraction"": 1.0}","{""numerator"": 4, ""denominator"": 24, ""fraction"": 0.16666666666666666}","{""numerator"": 4, ""denominator"": 19, ""fraction"": 0.21052631578947367}","{""numerator"": 4, ""denominator"": 24, ""fraction"": 0.16666666666666666}","[""gemma3-1b|100000|qa:2Wiki-probe|0.1"", ""gemma3-1b|100000|qa:2Wiki-probe|0.25"", ""gemma3-1b|100000|qa:2Wiki-probe|0.5"", ""gemma3-1b|200000|qa:2Wiki-probe|0.0"", ""gemma3-1b|200000|qa:2Wiki-probe|0.1"", ""gemma3-1b|200000|qa:2Wiki-probe|0.25"", ""gemma3-1b|200000|qa:2Wiki-probe|0.5"", ""gemma3-1b|50000|qa:2Wiki-probe|0.0"", ""gemma3-1b|50000|qa:2Wiki-probe|0.1"", ""gemma3-1b|50000|qa:2Wiki-probe|0.25"", ""gemma3-1b|50000|qa:2Wiki-probe|0.5"", ""gemma3-4b|200000|qa:2Wiki-probe|0.0"", ""gemma3-4b|200000|qa:2Wiki-probe|0.1"", ""gemma3-4b|200000|qa:2Wiki-probe|0.25"", ""gemma3-4b|200000|qa:2Wiki-probe|0.5"", ""gemma3-4b|50000|qa:2Wiki-probe|0.0"", ""gemma3-4b|50000|qa:2Wiki-probe|0.1"", ""gemma3-4b|50000|qa:2Wiki-probe|0.25"", ""gemma3-4b|50000|qa:2Wiki-probe|0.5""]"
delta,2Wiki original probe,student_isotonic,"{""numerator"": 19, ""denominator"": 24, ""fraction"": 0.7916666666666666}","{""numerator"": 9, ""denominator"": 19, ""fraction"": 0.47368421052631576}","{""numerator"": 9, ""denominator"": 19, ""fraction"": 0.47368421052631576}","{""numerator"": 9, ""denominator"": 24, ""fraction"": 0.375}","[""gemma3-1b|100000|qa:2Wiki-probe|0.1"", ""gemma3-1b|100000|qa:2Wiki-probe|0.25"", ""gemma3-1b|100000|qa:2Wiki-probe|0.5"", ""gemma3-1b|200000|qa:2Wiki-probe|0.0"", ""gemma3-1b|200000|qa:2Wiki-probe|0.1"", ""gemma3-1b|200000|qa:2Wiki-probe|0.25"", ""gemma3-1b|200000|qa:2Wiki-probe|0.5"", ""gemma3-1b|50000|qa:2Wiki-probe|0.0"", ""gemma3-1b|50000|qa:2Wiki-probe|0.1"", ""gemma3-1b|50000|qa:2Wiki-probe|0.25"", ""gemma3-1b|50000|qa:2Wiki-probe|0.5"", ""gemma3-4b|200000|qa:2Wiki-probe|0.0"", ""gemma3-4b|200000|qa:2Wiki-probe|0.1"", ""gemma3-4b|200000|qa:2Wiki-probe|0.25"", ""gemma3-4b|200000|qa:2Wiki-probe|0.5"", ""gemma3-4b|50000|qa:2Wiki-probe|0.0"", ""gemma3-4b|50000|qa:2Wiki-probe|0.1"", ""gemma3-4b|50000|qa:2Wiki-probe|0.25"", ""gemma3-4b|50000|qa:2Wiki-probe|0.5""]"
delta,QA including original probe,boundary_loglinear,"{""numerator"": 83, ""denominator"": 96, ""fraction"": 0.8645833333333334}","{""numerator"": 53, ""denominator"": 83, ""fraction"": 0.6385542168674698}","{""numerator"": 35, ""denominator"": 41, ""fraction"": 0.8536585365853658}","{""numerator"": 53, ""denominator"": 96, ""fraction"": 0.5520833333333334}","[""gemma3-1b|100000|qa:2Wiki-fresh|0.25"", ""gemma3-1b|100000|qa:2Wiki-fresh|0.5"", ""gemma3-1b|100000|qa:2Wiki-probe|0.1"", ""gemma3-1b|100000|qa:2Wiki-probe|0.25"", ""gemma3-1b|100000|qa:2Wiki-probe|0.5"", ""gemma3-1b|100000|qa:MuSiQue|0.5"", ""gemma3-1b|100000|qa:TriviaQA|0.5"", ""gemma3-1b|200000|qa:2Wiki-fresh|0.5"", ""gemma3-1b|200000|qa:2Wiki-probe|0.0"", ""gemma3-1b|200000|qa:2Wiki-probe|0.1"", ""gemma3-1b|200000|qa:2Wiki-probe|0.25"", ""gemma3-1b|200000|qa:2Wiki-probe|0.5"", ""gemma3-1b|200000|qa:MuSiQue|0.5"", ""gemma3-1b|200000|qa:TriviaQA|0.5"", ""gemma3-1b|50000|qa:2Wiki-fresh|0.25"", ""gemma3-1b|50000|qa:2Wiki-fresh|0.5"", ""gemma3-1b|50000|qa:2Wiki-probe|0.0"", ""gemma3-1b|50000|qa:2Wiki-probe|0.1"", ""gemma3-1b|50000|qa:2Wiki-probe|0.25"", ""gemma3-1b|50000|qa:2Wiki-probe|0.5"", ""gemma3-1b|50000|qa:MuSiQue|0.25"", ""gemma3-1b|50000|qa:MuSiQue|0.5"", ""gemma3-1b|50000|qa:TriviaQA|0.25"", ""gemma3-1b|50000|qa:TriviaQA|0.5"", ""gemma3-4b|100000|qa:2Wiki-fresh|0.25"", ""gemma3-4b|100000|qa:2Wiki-fresh|0.5"", ""gemma3-4b|100000|qa:MuSiQue|0.5"", ""gemma3-4b|200000|qa:2Wiki-fresh|0.5"", ""gemma3-4b|200000|qa:2Wiki-probe|0.0"", ""gemma3-4b|200000|qa:2Wiki-probe|0.1"", ""gemma3-4b|200000|qa:2Wiki-probe|0.25"", ""gemma3-4b|200000|qa:2Wiki-probe|0.5"", ""gemma3-4b|200000|qa:MuSiQue|0.5"", ""gemma3-4b|50000|qa:2Wiki-fresh|0.25"", ""gemma3-4b|50000|qa:2Wiki-fresh|0.5"", ""gemma3-4b|50000|qa:2Wiki-probe|0.0"", ""gemma3-4b|50000|qa:2Wiki-probe|0.1"", ""gemma3-4b|50000|qa:2Wiki-probe|0.25"", ""gemma3-4b|50000|qa:2Wiki-probe|0.5"", ""gemma3-4b|50000|qa:MuSiQue|0.25"", ""gemma3-4b|50000|qa:MuSiQue|0.5""]"
delta,QA including original probe,fixed_reuse,"{""numerator"": 50, ""denominator"": 96, ""fraction"": 0.5208333333333334}","{""numerator"": 24, ""denominator"": 50, ""fraction"": 0.48}","{""numerator"": 24, ""denominator"": 41, ""fraction"": 0.5853658536585366}","{""numerator"": 24, ""denominator"": 96, ""fraction"": 0.25}","[""gemma3-1b|100000|qa:2Wiki-fresh|0.25"", ""gemma3-1b|100000|qa:2Wiki-fresh|0.5"", ""gemma3-1b|100000|qa:2Wiki-probe|0.1"", ""gemma3-1b|100000|qa:2Wiki-probe|0.25"", ""gemma3-1b|100000|qa:2Wiki-probe|0.5"", ""gemma3-1b|100000|qa:MuSiQue|0.5"", ""gemma3-1b|100000|qa:TriviaQA|0.5"", ""gemma3-1b|200000|qa:2Wiki-fresh|0.5"", ""gemma3-1b|200000|qa:2Wiki-probe|0.0"", ""gemma3-1b|200000|qa:2Wiki-probe|0.1"", ""gemma3-1b|200000|qa:2Wiki-probe|0.25"", ""gemma3-1b|200000|qa:2Wiki-probe|0.5"", ""gemma3-1b|200000|qa:MuSiQue|0.5"", ""gemma3-1b|200000|qa:TriviaQA|0.5"", ""gemma3-1b|50000|qa:2Wiki-fresh|0.25"", ""gemma3-1b|50000|qa:2Wiki-fresh|0.5"", ""gemma3-1b|50000|qa:2Wiki-probe|0.0"", ""gemma3-1b|50000|qa:2Wiki-probe|0.1"", ""gemma3-1b|50000|qa:2Wiki-probe|0.25"", ""gemma3-1b|50000|qa:2Wiki-probe|0.5"", ""gemma3-1b|50000|qa:MuSiQue|0.25"", ""gemma3-1b|50000|qa:MuSiQue|0.5"", ""gemma3-1b|50000|qa:TriviaQA|0.25"", ""gemma3-1b|50000|qa:TriviaQA|0.5"", ""gemma3-4b|100000|qa:2Wiki-fresh|0.25"", ""gemma3-4b|100000|qa:2Wiki-fresh|0.5"", ""gemma3-4b|100000|qa:MuSiQue|0.5"", ""gemma3-4b|200000|qa:2Wiki-fresh|0.5"", ""gemma3-4b|200000|qa:2Wiki-probe|0.0"", ""gemma3-4b|200000|qa:2Wiki-probe|0.1"", ""gemma3-4b|200000|qa:2Wiki-probe|0.25"", ""gemma3-4b|200000|qa:2Wiki-probe|0.5"", ""gemma3-4b|200000|qa:MuSiQue|0.5"", ""gemma3-4b|50000|qa:2Wiki-fresh|0.25"", ""gemma3-4b|50000|qa:2Wiki-fresh|0.5"", ""gemma3-4b|50000|qa:2Wiki-probe|0.0"", ""gemma3-4b|50000|qa:2Wiki-probe|0.1"", ""gemma3-4b|50000|qa:2Wiki-probe|0.25"", ""gemma3-4b|50000|qa:2Wiki-probe|0.5"", ""gemma3-4b|50000|qa:MuSiQue|0.25"", ""gemma3-4b|50000|qa:MuSiQue|0.5""]"
delta,QA including original probe,student_isotonic,"{""numerator"": 61, ""denominator"": 96, ""fraction"": 0.6354166666666666}","{""numerator"": 26, ""denominator"": 61, ""fraction"": 0.4262295081967213}","{""numerator"": 18, ""denominator"": 41, ""fraction"": 0.43902439024390244}","{""numerator"": 26, ""denominator"": 96, ""fraction"": 0.2708333333333333}","[""gemma3-1b|100000|qa:2Wiki-fresh|0.25"", ""gemma3-1b|100000|qa:2Wiki-fresh|0.5"", ""gemma3-1b|100000|qa:2Wiki-probe|0.1"", ""gemma3-1b|100000|qa:2Wiki-probe|0.25"", ""gemma3-1b|100000|qa:2Wiki-probe|0.5"", ""gemma3-1b|100000|qa:MuSiQue|0.5"", ""gemma3-1b|100000|qa:TriviaQA|0.5"", ""gemma3-1b|200000|qa:2Wiki-fresh|0.5"", ""gemma3-1b|200000|qa:2Wiki-probe|0.0"", ""gemma3-1b|200000|qa:2Wiki-probe|0.1"", ""gemma3-1b|200000|qa:2Wiki-probe|0.25"", ""gemma3-1b|200000|qa:2Wiki-probe|0.5"", ""gemma3-1b|200000|qa:MuSiQue|0.5"", ""gemma3-1b|200000|qa:TriviaQA|0.5"", ""gemma3-1b|50000|qa:2Wiki-fresh|0.25"", ""gemma3-1b|50000|qa:2Wiki-fresh|0.5"", ""gemma3-1b|50000|qa:2Wiki-probe|0.0"", ""gemma3-1b|50000|qa:2Wiki-probe|0.1"", ""gemma3-1b|50000|qa:2Wiki-probe|0.25"", ""gemma3-1b|50000|qa:2Wiki-probe|0.5"", ""gemma3-1b|50000|qa:MuSiQue|0.25"", ""gemma3-1b|50000|qa:MuSiQue|0.5"", ""gemma3-1b|50000|qa:TriviaQA|0.25"", ""gemma3-1b|50000|qa:TriviaQA|0.5"", ""gemma3-4b|100000|qa:2Wiki-fresh|0.25"", ""gemma3-4b|100000|qa:2Wiki-fresh|0.5"", ""gemma3-4b|100000|qa:MuSiQue|0.5"", ""gemma3-4b|200000|qa:2Wiki-fresh|0.5"", ""gemma3-4b|200000|qa:2Wiki-probe|0.0"", ""gemma3-4b|200000|qa:2Wiki-probe|0.1"", ""gemma3-4b|200000|qa:2Wiki-probe|0.25"", ""gemma3-4b|200000|qa:2Wiki-probe|0.5"", ""gemma3-4b|200000|qa:MuSiQue|0.5"", ""gemma3-4b|50000|qa:2Wiki-fresh|0.25"", ""gemma3-4b|50000|qa:2Wiki-fresh|0.5"", ""gemma3-4b|50000|qa:2Wiki-probe|0.0"", ""gemma3-4b|50000|qa:2Wiki-probe|0.1"", ""gemma3-4b|50000|qa:2Wiki-probe|0.25"", ""gemma3-4b|50000|qa:2Wiki-probe|0.5"", ""gemma3-4b|50000|qa:MuSiQue|0.25"", ""gemma3-4b|50000|qa:MuSiQue|0.5""]"
delta,all requests,boundary_loglinear,"{""numerator"": 112, ""denominator"": 144, ""fraction"": 0.7777777777777778}","{""numerator"": 67, ""denominator"": 112, ""fraction"": 0.5982142857142857}","{""numerator"": 47, ""denominator"": 65, ""fraction"": 0.7230769230769231}","{""numerator"": 67, ""denominator"": 144, ""fraction"": 0.4652777777777778}","[""gemma3-1b|100000|code:MBPP|0.25"", ""gemma3-1b|100000|code:MBPP|0.5"", ""gemma3-1b|100000|math:MATH-500|0.25"", ""gemma3-1b|100000|math:MATH-500|0.5"", ""gemma3-1b|100000|qa:2Wiki-fresh|0.25"", ""gemma3-1b|100000|qa:2Wiki-fresh|0.5"", ""gemma3-1b|100000|qa:2Wiki-probe|0.1"", ""gemma3-1b|100000|qa:2Wiki-probe|0.25"", ""gemma3-1b|100000|qa:2Wiki-probe|0.5"", ""gemma3-1b|100000|qa:MuSiQue|0.5"", ""gemma3-1b|100000|qa:TriviaQA|0.5"", ""gemma3-1b|200000|code:MBPP|0.25"", ""gemma3-1b|200000|code:MBPP|0.5"", ""gemma3-1b|200000|math:MATH-500|0.25"", ""gemma3-1b|200000|math:MATH-500|0.5"", ""gemma3-1b|200000|qa:2Wiki-fresh|0.5"", ""gemma3-1b|200000|qa:2Wiki-probe|0.0"", ""gemma3-1b|200000|qa:2Wiki-probe|0.1"", ""gemma3-1b|200000|qa:2Wiki-probe|0.25"", ""gemma3-1b|200000|qa:2Wiki-probe|0.5"", ""gemma3-1b|200000|qa:MuSiQue|0.5"", ""gemma3-1b|200000|qa:TriviaQA|0.5"", ""gemma3-1b|50000|code:MBPP|0.1"", ""gemma3-1b|50000|code:MBPP|0.25"", ""gemma3-1b|50000|code:MBPP|0.5"", ""gemma3-1b|50000|math:MATH-500|0.1"", ""gemma3-1b|50000|math:MATH-500|0.25"", ""gemma3-1b|50000|math:MATH-500|0.5"", ""gemma3-1b|50000|qa:2Wiki-fresh|0.25"", ""gemma3-1b|50000|qa:2Wiki-fresh|0.5"", ""gemma3-1b|50000|qa:2Wiki-probe|0.0"", ""gemma3-1b|50000|qa:2Wiki-probe|0.1"", ""gemma3-1b|50000|qa:2Wiki-probe|0.25"", ""gemma3-1b|50000|qa:2Wiki-probe|0.5"", ""gemma3-1b|50000|qa:MuSiQue|0.25"", ""gemma3-1b|50000|qa:MuSiQue|0.5"", ""gemma3-1b|50000|qa:TriviaQA|0.25"", ""gemma3-1b|50000|qa:TriviaQA|0.5"", ""gemma3-4b|100000|code:MBPP|0.5"", ""gemma3-4b|100000|math:MATH-500|0.5"", ""gemma3-4b|100000|qa:2Wiki-fresh|0.25"", ""gemma3-4b|100000|qa:2Wiki-fresh|0.5"", ""gemma3-4b|100000|qa:MuSiQue|0.5"", ""gemma3-4b|200000|code:MBPP|0.25"", ""gemma3-4b|200000|code:MBPP|0.5"", ""gemma3-4b|200000|math:MATH-500|0.25"", ""gemma3-4b|200000|math:MATH-500|0.5"", ""gemma3-4b|200000|qa:2Wiki-fresh|0.5"", ""gemma3-4b|200000|qa:2Wiki-probe|0.0"", ""gemma3-4b|200000|qa:2Wiki-probe|0.1"", ""gemma3-4b|200000|qa:2Wiki-probe|0.25"", ""gemma3-4b|200000|qa:2Wiki-probe|0.5"", ""gemma3-4b|200000|qa:MuSiQue|0.5"", ""gemma3-4b|50000|code:MBPP|0.25"", ""gemma3-4b|50000|code:MBPP|0.5"", ""gemma3-4b|50000|math:MATH-500|0.25"", ""gemma3-4b|50000|math:MATH-500|0.5"", ""gemma3-4b|50000|qa:2Wiki-fresh|0.25"", ""gemma3-4b|50000|qa:2Wiki-fresh|0.5"", ""gemma3-4b|50000|qa:2Wiki-probe|0.0"", ""gemma3-4b|50000|qa:2Wiki-probe|0.1"", ""gemma3-4b|50000|qa:2Wiki-probe|0.25"", ""gemma3-4b|50000|qa:2Wiki-probe|0.5"", ""gemma3-4b|50000|qa:MuSiQue|0.25"", ""gemma3-4b|50000|qa:MuSiQue|0.5""]"
delta,all requests,fixed_reuse,"{""numerator"": 84, ""denominator"": 144, ""fraction"": 0.5833333333333334}","{""numerator"": 44, ""denominator"": 84, ""fraction"": 0.5238095238095238}","{""numerator"": 40, ""denominator"": 65, ""fraction"": 0.6153846153846154}","{""numerator"": 44, ""denominator"": 144, ""fraction"": 0.3055555555555556}","[""gemma3-1b|100000|code:MBPP|0.25"", ""gemma3-1b|100000|code:MBPP|0.5"", ""gemma3-1b|100000|math:MATH-500|0.25"", ""gemma3-1b|100000|math:MATH-500|0.5"", ""gemma3-1b|100000|qa:2Wiki-fresh|0.25"", ""gemma3-1b|100000|qa:2Wiki-fresh|0.5"", ""gemma3-1b|100000|qa:2Wiki-probe|0.1"", ""gemma3-1b|100000|qa:2Wiki-probe|0.25"", ""gemma3-1b|100000|qa:2Wiki-probe|0.5"", ""gemma3-1b|100000|qa:MuSiQue|0.5"", ""gemma3-1b|100000|qa:TriviaQA|0.5"", ""gemma3-1b|200000|code:MBPP|0.25"", ""gemma3-1b|200000|code:MBPP|0.5"", ""gemma3-1b|200000|math:MATH-500|0.25"", ""gemma3-1b|200000|math:MATH-500|0.5"", ""gemma3-1b|200000|qa:2Wiki-fresh|0.5"", ""gemma3-1b|200000|qa:2Wiki-probe|0.0"", ""gemma3-1b|200000|qa:2Wiki-probe|0.1"", ""gemma3-1b|200000|qa:2Wiki-probe|0.25"", ""gemma3-1b|200000|qa:2Wiki-probe|0.5"", ""gemma3-1b|200000|qa:MuSiQue|0.5"", ""gemma3-1b|200000|qa:TriviaQA|0.5"", ""gemma3-1b|50000|code:MBPP|0.1"", ""gemma3-1b|50000|code:MBPP|0.25"", ""gemma3-1b|50000|code:MBPP|0.5"", ""gemma3-1b|50000|math:MATH-500|0.1"", ""gemma3-1b|50000|math:MATH-500|0.25"", ""gemma3-1b|50000|math:MATH-500|0.5"", ""gemma3-1b|50000|qa:2Wiki-fresh|0.25"", ""gemma3-1b|50000|qa:2Wiki-fresh|0.5"", ""gemma3-1b|50000|qa:2Wiki-probe|0.0"", ""gemma3-1b|50000|qa:2Wiki-probe|0.1"", ""gemma3-1b|50000|qa:2Wiki-probe|0.25"", ""gemma3-1b|50000|qa:2Wiki-probe|0.5"", ""gemma3-1b|50000|qa:MuSiQue|0.25"", ""gemma3-1b|50000|qa:MuSiQue|0.5"", ""gemma3-1b|50000|qa:TriviaQA|0.25"", ""gemma3-1b|50000|qa:TriviaQA|0.5"", ""gemma3-4b|100000|code:MBPP|0.5"", ""gemma3-4b|100000|math:MATH-500|0.5"", ""gemma3-4b|100000|qa:2Wiki-fresh|0.25"", ""gemma3-4b|100000|qa:2Wiki-fresh|0.5"", ""gemma3-4b|100000|qa:MuSiQue|0.5"", ""gemma3-4b|200000|code:MBPP|0.25"", ""gemma3-4b|200000|code:MBPP|0.5"", ""gemma3-4b|200000|math:MATH-500|0.25"", ""gemma3-4b|200000|math:MATH-500|0.5"", ""gemma3-4b|200000|qa:2Wiki-fresh|0.5"", ""gemma3-4b|200000|qa:2Wiki-probe|0.0"", ""gemma3-4b|200000|qa:2Wiki-probe|0.1"", ""gemma3-4b|200000|qa:2Wiki-probe|0.25"", ""gemma3-4b|200000|qa:2Wiki-probe|0.5"", ""gemma3-4b|200000|qa:MuSiQue|0.5"", ""gemma3-4b|50000|code:MBPP|0.25"", ""gemma3-4b|50000|code:MBPP|0.5"", ""gemma3-4b|50000|math:MATH-500|0.25"", ""gemma3-4b|50000|math:MATH-500|0.5"", ""gemma3-4b|50000|qa:2Wiki-fresh|0.25"", ""gemma3-4b|50000|qa:2Wiki-fresh|0.5"", ""gemma3-4b|50000|qa:2Wiki-probe|0.0"", ""gemma3-4b|50000|qa:2Wiki-probe|0.1"", ""gemma3-4b|50000|qa:2Wiki-probe|0.25"", ""gemma3-4b|50000|qa:2Wiki-probe|0.5"", ""gemma3-4b|50000|qa:MuSiQue|0.25"", ""gemma3-4b|50000|qa:MuSiQue|0.5""]"
delta,all requests,student_isotonic,"{""numerator"": 86, ""denominator"": 144, ""fraction"": 0.5972222222222222}","{""numerator"": 41, ""denominator"": 86, ""fraction"": 0.47674418604651164}","{""numerator"": 32, ""denominator"": 65, ""fraction"": 0.49230769230769234}","{""numerator"": 41, ""denominator"": 144, ""fraction"": 0.2847222222222222}","[""gemma3-1b|100000|code:MBPP|0.25"", ""gemma3-1b|100000|code:MBPP|0.5"", ""gemma3-1b|100000|math:MATH-500|0.25"", ""gemma3-1b|100000|math:MATH-500|0.5"", ""gemma3-1b|100000|qa:2Wiki-fresh|0.25"", ""gemma3-1b|100000|qa:2Wiki-fresh|0.5"", ""gemma3-1b|100000|qa:2Wiki-probe|0.1"", ""gemma3-1b|100000|qa:2Wiki-probe|0.25"", ""gemma3-1b|100000|qa:2Wiki-probe|0.5"", ""gemma3-1b|100000|qa:MuSiQue|0.5"", ""gemma3-1b|100000|qa:TriviaQA|0.5"", ""gemma3-1b|200000|code:MBPP|0.25"", ""gemma3-1b|200000|code:MBPP|0.5"", ""gemma3-1b|200000|math:MATH-500|0.25"", ""gemma3-1b|200000|math:MATH-500|0.5"", ""gemma3-1b|200000|qa:2Wiki-fresh|0.5"", ""gemma3-1b|200000|qa:2Wiki-probe|0.0"", ""gemma3-1b|200000|qa:2Wiki-probe|0.1"", ""gemma3-1b|200000|qa:2Wiki-probe|0.25"", ""gemma3-1b|200000|qa:2Wiki-probe|0.5"", ""gemma3-1b|200000|qa:MuSiQue|0.5"", ""gemma3-1b|200000|qa:TriviaQA|0.5"", ""gemma3-1b|50000|code:MBPP|0.1"", ""gemma3-1b|50000|code:MBPP|0.25"", ""gemma3-1b|50000|code:MBPP|0.5"", ""gemma3-1b|50000|math:MATH-500|0.1"", ""gemma3-1b|50000|math:MATH-500|0.25"", ""gemma3-1b|50000|math:MATH-500|0.5"", ""gemma3-1b|50000|qa:2Wiki-fresh|0.25"", ""gemma3-1b|50000|qa:2Wiki-fresh|0.5"", ""gemma3-1b|50000|qa:2Wiki-probe|0.0"", ""gemma3-1b|50000|qa:2Wiki-probe|0.1"", ""gemma3-1b|50000|qa:2Wiki-probe|0.25"", ""gemma3-1b|50000|qa:2Wiki-probe|0.5"", ""gemma3-1b|50000|qa:MuSiQue|0.25"", ""gemma3-1b|50000|qa:MuSiQue|0.5"", ""gemma3-1b|50000|qa:TriviaQA|0.25"", ""gemma3-1b|50000|qa:TriviaQA|0.5"", ""gemma3-4b|100000|code:MBPP|0.5"", ""gemma3-4b|100000|math:MATH-500|0.5"", ""gemma3-4b|100000|qa:2Wiki-fresh|0.25"", ""gemma3-4b|100000|qa:2Wiki-fresh|0.5"", ""gemma3-4b|100000|qa:MuSiQue|0.5"", ""gemma3-4b|200000|code:MBPP|0.25"", ""gemma3-4b|200000|code:MBPP|0.5"", ""gemma3-4b|200000|math:MATH-500|0.25"", ""gemma3-4b|200000|math:MATH-500|0.5"", ""gemma3-4b|200000|qa:2Wiki-fresh|0.5"", ""gemma3-4b|200000|qa:2Wiki-probe|0.0"", ""gemma3-4b|200000|qa:2Wiki-probe|0.1"", ""gemma3-4b|200000|qa:2Wiki-probe|0.25"", ""gemma3-4b|200000|qa:2Wiki-probe|0.5"", ""gemma3-4b|200000|qa:MuSiQue|0.5"", ""gemma3-4b|50000|code:MBPP|0.25"", ""gemma3-4b|50000|code:MBPP|0.5"", ""gemma3-4b|50000|math:MATH-500|0.25"", ""gemma3-4b|50000|math:MATH-500|0.5"", ""gemma3-4b|50000|qa:2Wiki-fresh|0.25"", ""gemma3-4b|50000|qa:2Wiki-fresh|0.5"", ""gemma3-4b|50000|qa:2Wiki-probe|0.0"", ""gemma3-4b|50000|qa:2Wiki-probe|0.1"", ""gemma3-4b|50000|qa:2Wiki-probe|0.25"", ""gemma3-4b|50000|qa:2Wiki-probe|0.5"", ""gemma3-4b|50000|qa:MuSiQue|0.25"", ""gemma3-4b|50000|qa:MuSiQue|0.5""]"
