file,source,status,previous_bytes,bytes,previous_sha256,sha256
data_mirror/published-tables/candidate_coverage.tex,paper/tables/candidate_coverage.tex,refreshed,4307,4227,92c11db10944bddbbc48dfd4ce72f9b5fa330abadddbb1b316e36c7752d39c11,9411bf9bb742867b1edfb3c60e524714262f1b023433c6d5815fb6e7d0aa3381
data_mirror/published-tables/cap_conditioning.tex,paper/tables/cap_conditioning.tex,refreshed,3885,3816,30372949aac2f4b3188618dca57e83e42f0309f7b9f07834541a12ca2ae6dbb9,82ff82f944cf4e3a65b3073e97439de388776768a8403c6a0cf19a9c6132fc94
data_mirror/published-tables/cond_audit.tex,paper/tables/cond_audit.tex,refreshed,4122,4076,b48695424b49c158f1eb79405fcfa20aa12ae28f117f8aacaf9461beb0641a61,458081a0fbffb0a18ced693261257a0171fe8f1c2c985731c4935b5661013b5e
data_mirror/published-tables/counts.tex,paper/tables/counts.tex,unchanged,190,190,643fe0755d5b2055ea9abb59b3986e5da7fd1533543aa695fd356a89a84fdd2f,643fe0755d5b2055ea9abb59b3986e5da7fd1533543aa695fd356a89a84fdd2f
data_mirror/published-tables/distill_confirm.tex,paper/tables/distill_confirm.tex,refreshed,2588,2542,7f2fe22148f67c3ac962855b9d52ac217bbf15ac71318b9373906adff916b206,8938940d910f0d7c8a0bedb4aaaec25417e4b44936d84dca70e3b5597f3a2240
data_mirror/published-tables/distill_forms_audit.tex,paper/tables/distill_forms_audit.tex,refreshed,21137,20171,610b6ff225866fc5e921a31881955263f46d21caad70d9fa183d4558ed1bdbae,cb0e11fb7aff110c90f2513c8ebd424e1fa43f32d4de850235ad833d60ffcbb3
data_mirror/published-tables/distill_paired.tex,paper/tables/distill_paired.tex,refreshed,5565,5473,4bfac8950e220c0cd4aa585f009be3ce33eb3c19f795585448406b5515d58671,f27b3b7240d32ad627521ac6afc757a18dfcd5bd00d9d1df43e55219a4db8a2a
data_mirror/published-tables/dreq_full.tex,paper/tables/dreq_full.tex,refreshed,34499,33862,8fe212d20e3f2d9dd5efc6ff6c99de53aeb35d7d356dd8e6b61aa7deb993acdc,089011b6e6d99799d095638f71deab036d095aa6667370f27c0f87e1f06f8367
data_mirror/published-tables/dreq_main.tex,paper/tables/dreq_main.tex,refreshed,7525,6147,ae75cad8eac8b2a853afbf471f6c6e88702b3ac8d3275b42837e44fc09ddd8b3,539c6c20e7a8c1ebd3bdf985f2e4329f3551e937fbc6d0d8d6017d2b9eafb06e
data_mirror/published-tables/final_deliverables.tex,paper/tables/final_deliverables.tex,refreshed,3887,3722,2582ca415359d522099ad4b148ca05bb7f997b4bd7be8c0d3cc36f9ba4961174,659a0991f684e5344e3afdc36a5bc0815eadbf443508c02de728db40bd94edc2
data_mirror/published-tables/locked_rule.tex,paper/tables/locked_rule.tex,refreshed,11560,11680,a9086891b2de8329312ce71c4206709e90a0dd6fd287a4a91164c00aea32a732,79b3c09d61d2559a013d8b124434d8cf877b6bd150fe28aca0bc183fd6ec5ad6
data_mirror/published-tables/main_context.tex,paper/tables/main_context.tex,refreshed,48482,48390,72fff39244fbdcbc26223117f1daaa5f11c9e63caaf32911bae41c51cfa757b6,d375bd0e75d7db023ec647111dbaf62ab3e07615a28b9946bd489c242ee17c4b
data_mirror/published-tables/main_final.tex,paper/tables/main_final.tex,refreshed,99008,98884,8482f9060fb279bc7fc93706eeab268eef569c711549efcf4ad7aad197a2cafc,9d1dda2cf873ca432b59e2301b8689bdd06cace8de1c1ceeb193b7fefd0b47a9
data_mirror/published-tables/main_prediction.tex,paper/tables/main_prediction.tex,unchanged,5787,5787,a6678293c6edee76ac2f35b4b094f42359200d4c6ae3741aef4dc7d34a5aa57a,a6678293c6edee76ac2f35b4b094f42359200d4c6ae3741aef4dc7d34a5aa57a
data_mirror/published-tables/main_prediction_v2.tex,paper/tables/main_prediction_v2.tex,refreshed,3847,3847,cae6e165a1316fcaf419a229cfad24e3a583e77c85452cc71a1144dd13ea77ab,6b4130dad3cdfda8185469d2e5cfbff9f6a4d037ae2e8ebc186411f1c683de47
data_mirror/published-tables/model_arch.tex,paper/tables/model_arch.tex,unchanged,3670,3670,ffca8ec36ba93273b5434930e74979f75f66f178c75b3b6b56d2dd9ec3e8774d,ffca8ec36ba93273b5434930e74979f75f66f178c75b3b6b56d2dd9ec3e8774d
data_mirror/published-tables/models_domains.tex,paper/tables/models_domains.tex,refreshed,3047,3013,fe9e400dfbf9408d03c22f1cbcb95c867015d26b1fd745dddec44d25440a69a3,b7d3be62bbbd469050b6bb3cbe3d3332a23dc921702e4545bd9ae7ce6fa5cf36
data_mirror/published-tables/musique_scope.tex,paper/tables/musique_scope.tex,unchanged,3170,3170,e7133ef861482bdadea76998f6b284021e31887a022b9e8b996e9352778fe76b,e7133ef861482bdadea76998f6b284021e31887a022b9e8b996e9352778fe76b
data_mirror/published-tables/p1v2.tex,paper/tables/p1v2.tex,unchanged,16135,16135,6d5b854590b2a266b2b4bfb22f5a78a98a933f4f42dfcdf477c4562eb81c122d,6d5b854590b2a266b2b4bfb22f5a78a98a933f4f42dfcdf477c4562eb81c122d
data_mirror/published-tables/p2v2_test.tex,paper/tables/p2v2_test.tex,refreshed,3047,2955,b3daecf94d866175a56de33df35d9a8f14e0ceea62f37c676317b90ec9cba60d,60eab0324eec6d6a043d4fdca34da2c43862a1a2b994d6f4eb143732a920a0bf
data_mirror/published-tables/p3_check.tex,paper/tables/p3_check.tex,refreshed,2112,2089,451226fbf354d022ffb1c6884751075195345f0e62af1ab40385f4a19cd03c99,437abfe1b8c586d8de49190d646b4553bf361870404bd26339f07586502baa97
data_mirror/published-tables/panel_prune.tex,paper/tables/panel_prune.tex,refreshed,3745,3786,c0b2d06cd567b108ab65a9bce42f38c4103a37d34d9dffea578d46ebb08e6ec8,bba81db7eb4756f644d37b1060568f6251a144a5ab400c97e098804ea1fa4c9b
data_mirror/published-tables/panel_quant.tex,paper/tables/panel_quant.tex,refreshed,3395,3452,bb54350496651f19f35421c2f8ab9b1cc0580fad5dfd974b8c9c647d5bd2a32e,d25264edaceecdb0d009403c9f93451ba58845f668ee0b2d7da4c5d895164b6a
data_mirror/published-tables/pred_config_prune.tex,paper/tables/pred_config_prune.tex,refreshed,7194,7125,48cc0c61493e07535887f510e251353ec5b7f64939c1c326c669818f4e40af60,dab088db31c5461e2510feca5814f3be0380d2a142f296ea065dd7ce02f969dd
data_mirror/published-tables/pred_config_qd.tex,paper/tables/pred_config_qd.tex,refreshed,9162,9093,820af1ae44d3f89663b35e1b17067343b751fe093abf99533a30a2f736c72bc5,142eb965d5a308b2bd2e976ed4e81f9c538854cc3d6d4465fb5d16b46f9bcdb1
data_mirror/published-tables/pred_full.tex,paper/tables/pred_full.tex,refreshed,12142,12073,5da65ae09c5517c9c7c14447844707f139e1edeb8cfd567df24e793971b7687b,a20f784a51fa73117d7bdabb6bf5db5dd067685a614c88169aab75140702e0be
data_mirror/published-tables/pred_main.tex,paper/tables/pred_main.tex,unchanged,6585,6585,86d07350619a1cadb0123e86b5d3f6c246eac307a945462dd7087ccaccc4a40e,86d07350619a1cadb0123e86b5d3f6c246eac307a945462dd7087ccaccc4a40e
data_mirror/published-tables/pred_source.tex,paper/tables/pred_source.tex,refreshed,5851,5805,92b8883529a7fb31824f9ff6e45f24521ea134a672b37cf81fe45c77193b058f,90a011f9e010cfcdf05f3bbb95e3358e4fdeb0d6a0aae5684dc5bceca2bef409
data_mirror/published-tables/prune_repeat.tex,paper/tables/prune_repeat.tex,refreshed,1602,1579,d53cbb40f50adf2ff7849277ffebbaa2f903bbe659f24e6b9fc14d726c1da4d0,7483031da8a0b6f0335414febc2911abc7c3892c346b7a5855b8a5d0a2610d2a
data_mirror/published-tables/qa_scope.tex,paper/tables/qa_scope.tex,unchanged,2852,2852,746d75e0ba756e7b3fbadee4ee1e443ea1740faca87ba0946062e1c40f8d9208,746d75e0ba756e7b3fbadee4ee1e443ea1740faca87ba0946062e1c40f8d9208
data_mirror/published-tables/quant2d_coef.tex,paper/tables/quant2d_coef.tex,refreshed,2751,2636,335f5c548333a62e63c15760da0abb134df503f07e242c8a40a56ec373e47cbe,744306e6723db57c49e57609df0adbe9f1ec3add75ffd0138b889af315dae9f5
data_mirror/published-tables/quant_confirm.tex,paper/tables/quant_confirm.tex,unchanged,1812,1812,e7149376aca588da8ebf90d53396f812756447db0f4e62ff89a6aeb58602b3c8,e7149376aca588da8ebf90d53396f812756447db0f4e62ff89a6aeb58602b3c8
data_mirror/published-tables/quant_ident.tex,paper/tables/quant_ident.tex,refreshed,4264,4218,6629e40eb1c1971c26ac92574ac5bfa1573fc9023794ef4c55cf29a97b669cab,e9d557d14609e477ffb48580186e20211b8dbce86c8cefa21efb98f449d77803
data_mirror/published-tables/quant_threeway.tex,paper/tables/quant_threeway.tex,refreshed,4118,4095,f24f30b457562db82899e885b1fdcdde6e55a8703d1bfc076ef129c6f3c99887,1d22dbec64daa2945194ed516179ae802899ebb4816ec3e55a6c967394eb8682
data_mirror/published-tables/round3_coef.tex,paper/tables/round3_coef.tex,refreshed,1660,1637,960e4d924fc7bd9674f3211bcde4456b52c89500e042e9d71e33186294c05a6e,c37779e4a84fc5028a7d600241aa5c8b8e399b89b6ddc5b1818b9f4e1f0f7edc
data_mirror/published-tables/round3_prune.tex,paper/tables/round3_prune.tex,refreshed,3085,3039,6266a55d789410320d5bbf3e3d1f827acd314fa0b0bcf4f612e52e37672a9928,097b3d6fc3088ee7e1dd7ffa5902e967565785eeddde47c60a5b0993f7c62886
data_mirror/published-tables/round3_quant.tex,paper/tables/round3_quant.tex,refreshed,3679,3610,c67e9c8ec74038956b49d44c33bab2c5fc986c584cce42b7ff87a5fa8a54f14d,f09ab205a29095051cdea7fc20ed88921f4841fe351e9377f6770059f01d56a4
data_mirror/published-tables/rule_confirm.tex,paper/tables/rule_confirm.tex,refreshed,3405,2884,b5dc392858ab4cf6eb88ee4af772f03421468a214664a4337fe45046ee4d6099,69bcacebc08eaae5807ecdbc601911ae7c98d5c63e3ddbc3da86c93825a666ec
data_mirror/published-tables/rule_confirm_by_state.tex,paper/tables/rule_confirm_by_state.tex,refreshed,7470,7250,6a1f9e3003f63c16376bed78bd3f345b95bb08cdcc86d45448b3a6f750d0a8fe,ba9f9b70a6c30b2c85337ef66d547a5cdffeaf8206624e0befc04f901b5e545d
data_mirror/published-tables/rule_decomp.tex,paper/tables/rule_decomp.tex,refreshed,3093,3070,5d457bd61de84f4b87db0e9ec272f894f7b7fd4f04fef246d7d2fdba2d313513,3af02a232861a86c240ad319247f73f3a8c6db17b12c2fab63af66fe9598035f
data_mirror/published-tables/s3_control.tex,paper/tables/s3_control.tex,added,,2868,,ea5b4f8dc1ca7d57e7cd9314ddc1a03e1c3bd6bdcd8d9a9809baf0f8e9e918fc
data_mirror/published-tables/s3_identity.tex,paper/tables/s3_identity.tex,added,,2267,,2af6b1bebcdce710ce95a78145006498a219010e21f2f8720224643521ee83eb
data_mirror/published-tables/s3_selection.tex,paper/tables/s3_selection.tex,unchanged,1975,1975,31ef5b7451eb0bd62bc275053de987b7a03d4e78526c371fe4118473b3913b97,31ef5b7451eb0bd62bc275053de987b7a03d4e78526c371fe4118473b3913b97
data_mirror/published-tables/selection_feasible.tex,paper/tables/selection_feasible.tex,refreshed,4793,4655,1fe1e6e7d3afc90144cb6d38bf595e7844c5b6d82079d32ce526ee50e7886a0f,cf866d850a90a062fe6f3443fbcc80359be0d2d01d98240f5c708ddbaa9eefff
data_mirror/published-tables/selection_maps.tex,paper/tables/selection_maps.tex,unchanged,2375,2375,d5cdf5857b932da7c758018a801f4ab93b4a76c8f59c699b6143abbdd10166f4,d5cdf5857b932da7c758018a801f4ab93b4a76c8f59c699b6143abbdd10166f4
data_mirror/published-tables/shared_structure.tex,paper/tables/shared_structure.tex,refreshed,6375,4678,1e90e5ace11c792463f064f01d8ca03d2cfc65b2be99c71f8828982d84edb6fa,112e3a0f35680c6825bd9c957bc55d390888a00b9c9e88a17efd65c8974aed13
data_mirror/published-tables/v53_loso.tex,paper/tables/v53_loso.tex,refreshed,2750,2727,fb6e86302f4e3d15de51787a7a99e3f444d46c3a6eca1bcb0339aea4e377c49b,2ebd2f299389731ad46eeb7886bb6e0a9e5e5ff413539a435d6479b97cf7e8c7
data_mirror/published-tables/v55_loso.tex,paper/tables/v55_loso.tex,refreshed,1648,1625,aea21a9b2620bb5f135dd9bde7561def8273b23944454fa6ef4a9a7c2d62c5a7,8e0d210b61844f17b3b6962d25333a100e3fadd5fc9f529c6c3a283c77c3b638
data_mirror/published-tables/v56_forms.tex,paper/tables/v56_forms.tex,refreshed,5966,5851,fd61c9df513c23ebb6e3dc1729b413e3d8742fb4efe5781eeb5778630342fc8e,4888ca8f69eba5110c98398dc9c7548fe03fd5fdcceab86429e4aef227708d96
